branch,phase_seed,checkpoint_step,local_step,relative_time,absolute_time,Pi_normalized_mean,Pi_A_pop,Pi_A_amp,corr_Pi_M,energy,dissipation_rate,R_Pi_normalized_mean,R_Pi_A_pop,R_Pi_A_amp,checkpoint,source_file
natural_reference,2026074101,1750,0,0.0,17.499999999999936,0.8699436362110144,0.5532913208007812,0.6105109169656328,0.9601377679471532,0.574698858445592,0.1025597727375496,1.0,1.0,1.0,1750,phase_ensemble_v1/summaries/dynamic_recovery/amplitude_matched_3x3/checkpoint_1750/seed_2026074101/amplitude_matched_counterfactual.csv
nonlinear_recovery,2026074101,1750,0,0.0,17.499999999999936,0.0031579369267998,-0.0102615356445312,0.0134190377236251,0.9609714031619112,0.574698858445592,0.1025597727375496,0.0,0.0,0.0,1750,phase_ensemble_v1/summaries/dynamic_recovery/amplitude_matched_3x3/checkpoint_1750/seed_2026074101/amplitude_matched_counterfactual.csv
amplitude_matched_frozen,2026074101,1750,0,0.0,17.499999999999936,0.0031579369267999,-0.0102615356445312,0.0134190377236252,0.960971403161911,0.574698858445592,0.1025597727375496,1.1102230246251563e-16,0.0,0.0,1750,phase_ensemble_v1/summaries/dynamic_recovery/amplitude_matched_3x3/checkpoint_1750/seed_2026074101/amplitude_matched_counterfactual.csv
natural_reference,2026074101,1750,10,0.1,17.599999999999937,0.8708595782075431,0.5536956787109375,0.612511588142537,0.9586110118972884,0.5744189112480855,0.1030285263885854,1.0,1.0,1.0,1750,phase_ensemble_v1/summaries/dynamic_recovery/amplitude_matched_3x3/checkpoint_1750/seed_2026074101/amplitude_matched_counterfactual.csv
nonlinear_recovery,2026074101,1750,10,0.1,17.599999999999937,0.2666627664853907,0.1172409057617187,0.1542441154756961,0.9635455287453908,0.5747684468579242,0.0966197159182975,0.3029455697975939,0.2255300138087889,0.2325009121735177,1750,phase_ensemble_v1/summaries/dynamic_recovery/amplitude_matched_3x3/checkpoint_1750/seed_2026074101/amplitude_matched_counterfactual.csv
amplitude_matched_frozen,2026074101,1750,10,0.1,17.599999999999937,0.07885182391248,0.0245513916015625,0.0544057576144111,0.963827134178484,0.5747684468579245,0.0966197159182975,0.0862703953825063,0.0610565077302142,0.0652932154484724,1750,phase_ensemble_v1/summaries/dynamic_recovery/amplitude_matched_3x3/checkpoint_1750/seed_2026074101/amplitude_matched_counterfactual.csv
natural_reference,2026074101,1750,20,0.2,17.699999999999935,0.872919614818557,0.5578994750976562,0.6140760161822721,0.9579318132001076,0.5740951431004859,0.1034358548549289,1.0,1.0,1.0,1750,phase_ensemble_v1/summaries/dynamic_recovery/amplitude_matched_3x3/checkpoint_1750/seed_2026074101/amplitude_matched_counterfactual.csv
nonlinear_recovery,2026074101,1750,20,0.2,17.699999999999935,0.4773112056064323,0.2351455688476562,0.2727820426270692,0.9651243328064502,0.5752859942796983,0.0933655716460873,0.5435914441841678,0.4272872498849267,0.4284062714293374,1750,phase_ensemble_v1/summaries/dynamic_recovery/amplitude_matched_3x3/checkpoint_1750/seed_2026074101/amplitude_matched_counterfactual.csv
amplitude_matched_frozen,2026074101,1750,20,0.2,17.699999999999935,0.131612556049334,0.0519256591796875,0.0802352299455967,0.9657514262471624,0.5752859942796984,0.0933655716460873,0.1447631642038062,0.1021714997427775,0.1059319263990455,1750,phase_ensemble_v1/summaries/dynamic_recovery/amplitude_matched_3x3/checkpoint_1750/seed_2026074101/amplitude_matched_counterfactual.csv
natural_reference,2026074101,1750,30,0.3,17.799999999999937,0.8759149216938054,0.5618209838867188,0.6184258785421621,0.9578820914489344,0.5737335621597124,0.1037869822341482,1.0,1.0,1.0,1750,phase_ensemble_v1/summaries/dynamic_recovery/amplitude_matched_3x3/checkpoint_1750/seed_2026074101/amplitude_matched_counterfactual.csv
nonlinear_recovery,2026074101,1750,30,0.3,17.799999999999937,0.6261921994782832,0.33123779296875,0.3721439558516919,0.9662990759719712,0.5760414521385248,0.0917302519094976,0.7118979669118429,0.5908401700376358,0.5875309458183913,1750,phase_ensemble_v1/summaries/dynamic_recovery/amplitude_matched_3x3/checkpoint_1750/seed_2026074101/amplitude_matched_counterfactual.csv
amplitude_matched_frozen,2026074101,1750,30,0.3,17.799999999999937,0.1554684289436538,0.0676727294921875,0.0887292171437102,0.9669363693839056,0.5760414521385251,0.0917302519094976,0.1688297426398577,0.1231554436411881,0.112872440886505,1750,phase_ensemble_v1/summaries/dynamic_recovery/amplitude_matched_3x3/checkpoint_1750/seed_2026074101/amplitude_matched_counterfactual.csv
natural_reference,2026074101,1750,40,0.4,17.899999999999935,0.8792340235603993,0.5674819946289062,0.6221967943191954,0.9581755493926936,0.5733388721000134,0.1041026974867974,1.0,1.0,1.0,1750,phase_ensemble_v1/summaries/dynamic_recovery/amplitude_matched_3x3/checkpoint_1750/seed_2026074101/amplitude_matched_counterfactual.csv
nonlinear_recovery,2026074101,1750,40,0.4,17.899999999999935,0.7255258641786864,0.4115829467773437,0.44760367349776,0.9669324445332746,0.5769068567240752,0.0910851205078619,0.8226687870962293,0.7233639292773401,0.7075942130663764,1750,phase_ensemble_v1/summaries/dynamic_recovery/amplitude_matched_3x3/checkpoint_1750/seed_2026074101/amplitude_matched_counterfactual.csv
amplitude_matched_frozen,2026074101,1750,40,0.4,17.899999999999935,0.1572417695421049,0.0718841552734375,0.0863334579001042,0.967234317493274,0.5769068567240753,0.0910851205078619,0.1670464168773086,0.1205832182600925,0.1025445914632844,1750,phase_ensemble_v1/summaries/dynamic_recovery/amplitude_matched_3x3/checkpoint_1750/seed_2026074101/amplitude_matched_counterfactual.csv
natural_reference,2026074101,1750,50,0.5,17.999999999999936,0.8819833432218848,0.5704421997070312,0.6269953883373672,0.9585372347268604,0.5729130838944401,0.1044145507644292,1.0,1.0,1.0,1750,phase_ensemble_v1/summaries/dynamic_recovery/amplitude_matched_3x3/checkpoint_1750/seed_2026074101/amplitude_matched_counterfactual.csv
nonlinear_recovery,2026074101,1750,50,0.5,17.999999999999936,0.7884724856452331,0.4796066284179687,0.4966939784951483,0.9668409211191324,0.5778045127807864,0.0910331421022709,0.8921176737757992,0.8388162348035633,0.7817732674448142,1750,phase_ensemble_v1/summaries/dynamic_recovery/amplitude_matched_3x3/checkpoint_1750/seed_2026074101/amplitude_matched_counterfactual.csv
amplitude_matched_frozen,2026074101,1750,50,0.5,17.999999999999936,0.1475766322919138,0.0644607543945312,0.0839141448539514,0.9671268284424454,0.5778045127807866,0.0910331421022709,0.1527240106332641,0.1021579617144559,0.0904561553025253,1750,phase_ensemble_v1/summaries/dynamic_recovery/amplitude_matched_3x3/checkpoint_1750/seed_2026074101/amplitude_matched_counterfactual.csv
natural_reference,2026074101,1750,60,0.6,18.099999999999937,0.8834474316746816,0.572479248046875,0.6291786175469591,0.9587959415783552,0.5724549979657834,0.104752844575301,1.0,1.0,1.0,1750,phase_ensemble_v1/summaries/dynamic_recovery/amplitude_matched_3x3/checkpoint_1750/seed_2026074101/amplitude_matched_counterfactual.csv
nonlinear_recovery,2026074101,1750,60,0.6,18.099999999999937,0.8286398078069469,0.5307540893554688,0.5317526378070436,0.966153697298745,0.5786887041068172,0.0913216033110223,0.936769118464928,0.9259605231094143,0.8368325158540169,1750,phase_ensemble_v1/summaries/dynamic_recovery/amplitude_matched_3x3/checkpoint_1750/seed_2026074101/amplitude_matched_counterfactual.csv
amplitude_matched_frozen,2026074101,1750,60,0.6,18.099999999999937,0.134467660404132,0.05242919921875,0.0826209414462727,0.9671442572799858,0.5786887041068167,0.0913216033110223,0.1359112501636197,0.077193837489508,0.0846338811465213,1750,phase_ensemble_v1/summaries/dynamic_recovery/amplitude_matched_3x3/checkpoint_1750/seed_2026074101/amplitude_matched_counterfactual.csv
natural_reference,2026074101,1750,70,0.7000000000000001,18.199999999999932,0.8836214954570131,0.573272705078125,0.6289444066959287,0.9589839850930486,0.5719610268423991,0.1051330429970961,1.0,1.0,1.0,1750,phase_ensemble_v1/summaries/dynamic_recovery/amplitude_matched_3x3/checkpoint_1750/seed_2026074101/amplitude_matched_counterfactual.csv
nonlinear_recovery,2026074101,1750,70,0.7000000000000001,18.199999999999932,0.8550851006532435,0.5718002319335938,0.5543061125539026,0.9653109039467156,0.5795338840272743,0.0917933920204253,0.967077912305966,0.9973871605339398,0.8749969699189722,1750,phase_ensemble_v1/summaries/dynamic_recovery/amplitude_matched_3x3/checkpoint_1750/seed_2026074101/amplitude_matched_counterfactual.csv
amplitude_matched_frozen,2026074101,1750,70,0.7000000000000001,18.199999999999932,0.1219661949086986,0.0410232543945312,0.081349971046427,0.9675462008214548,0.5795338840272745,0.0917933920204253,0.1212876479419492,0.0555465302033412,0.0828975327136279,1750,phase_ensemble_v1/summaries/dynamic_recovery/amplitude_matched_3x3/checkpoint_1750/seed_2026074101/amplitude_matched_counterfactual.csv
natural_reference,2026074101,1750,80,0.8,18.299999999999937,0.8822698546869754,0.5753250122070312,0.6233545950583436,0.9592930654869952,0.5714271397427889,0.1055480896364074,1.0,1.0,1.0,1750,phase_ensemble_v1/summaries/dynamic_recovery/amplitude_matched_3x3/checkpoint_1750/seed_2026074101/amplitude_matched_counterfactual.csv
nonlinear_recovery,2026074101,1750,80,0.8,18.299999999999937,0.873205721118996,0.6043930053710938,0.5692283401267384,0.9645832203726716,0.5803267904905529,0.0923562437113428,0.9895428205893746,0.9484201120948744,0.909350207542067,1750,phase_ensemble_v1/summaries/dynamic_recovery/amplitude_matched_3x3/checkpoint_1750/seed_2026074101/amplitude_matched_counterfactual.csv
amplitude_matched_frozen,2026074101,1750,80,0.8,18.299999999999937,0.1112573427215577,0.0354537963867187,0.0761037371588904,0.9674386020556152,0.580326790490553,0.0923562437113428,0.1104923482215797,0.0420220399101074,0.0834729512748126,1750,phase_ensemble_v1/summaries/dynamic_recovery/amplitude_matched_3x3/checkpoint_1750/seed_2026074101/amplitude_matched_counterfactual.csv
natural_reference,2026074101,1750,90,0.9,18.39999999999993,0.8795971691664934,0.5747299194335938,0.616554592283382,0.9598972261858412,0.5708510712893844,0.1059710049067424,1.0,1.0,1.0,1750,phase_ensemble_v1/summaries/dynamic_recovery/amplitude_matched_3x3/checkpoint_1750/seed_2026074101/amplitude_matched_counterfactual.csv
nonlinear_recovery,2026074101,1750,90,0.9,18.39999999999993,0.8858162397280517,0.6279754638671875,0.5810769565661619,0.9639872098049036,0.5810607782329488,0.0929687692039906,0.992825134786264,0.905518100343866,0.940582618939219,1750,phase_ensemble_v1/summaries/dynamic_recovery/amplitude_matched_3x3/checkpoint_1750/seed_2026074101/amplitude_matched_counterfactual.csv
amplitude_matched_frozen,2026074101,1750,90,0.9,18.39999999999993,0.1013940683377674,0.0303421020507812,0.0712712328884425,0.9669616005202316,0.5810607782329487,0.0929687692039906,0.1021966542925655,0.0340075271437467,0.0867680865344169,1750,phase_ensemble_v1/summaries/dynamic_recovery/amplitude_matched_3x3/checkpoint_1750/seed_2026074101/amplitude_matched_counterfactual.csv
natural_reference,2026074101,1750,100,1.0,18.499999999999936,0.8756053809805747,0.5713272094726562,0.6088695198206517,0.9608082958159424,0.5702338204881109,0.1063656586692218,1.0,1.0,1.0,1750,phase_ensemble_v1/summaries/dynamic_recovery/amplitude_matched_3x3/checkpoint_1750/seed_2026074101/amplitude_matched_counterfactual.csv
nonlinear_recovery,2026074101,1750,100,1.0,18.499999999999936,0.8942027905538561,0.6429672241210938,0.5910633568911207,0.9635679875063756,0.581731308698655,0.0936261212264186,0.978544397319154,0.8728779140605962,0.9701785210139928,1750,phase_ensemble_v1/summaries/dynamic_recovery/amplitude_matched_3x3/checkpoint_1750/seed_2026074101/amplitude_matched_counterfactual.csv
amplitude_matched_frozen,2026074101,1750,100,1.0,18.499999999999936,0.0910708761657814,0.0255813598632812,0.0656424446121995,0.9667945319887778,0.5817313086986554,0.0936261212264186,0.0948921913886485,0.0315977581025099,0.0902119186446401,1750,phase_ensemble_v1/summaries/dynamic_recovery/amplitude_matched_3x3/checkpoint_1750/seed_2026074101/amplitude_matched_counterfactual.csv
natural_reference,2026074101,1750,110,1.1,18.599999999999937,0.8706115391318684,0.5691909790039062,0.5975163346662592,0.96187478046708,0.569579913085362,0.106699616643629,1.0,1.0,1.0,1750,phase_ensemble_v1/summaries/dynamic_recovery/amplitude_matched_3x3/checkpoint_1750/seed_2026074101/amplitude_matched_counterfactual.csv
nonlinear_recovery,2026074101,1750,110,1.1,18.599999999999937,0.8994430091639881,0.6551437377929688,0.5947848300894494,0.9634393108484496,0.5823338484966755,0.0943271723796901,0.9667374876443756,0.8474805729293586,0.9954253194997772,1750,phase_ensemble_v1/summaries/dynamic_recovery/amplitude_matched_3x3/checkpoint_1750/seed_2026074101/amplitude_matched_counterfactual.csv
amplitude_matched_frozen,2026074101,1750,110,1.1,18.599999999999937,0.0806678094118007,0.018646240234375,0.0621149995380517,0.967381614977016,0.5823338484966756,0.0943271723796902,0.0886516351476524,0.0230823382882516,0.1033183438905827,1750,phase_ensemble_v1/summaries/dynamic_recovery/amplitude_matched_3x3/checkpoint_1750/seed_2026074101/amplitude_matched_counterfactual.csv
natural_reference,2026074101,1750,120,1.2,18.699999999999932,0.8650313876194766,0.5621566772460938,0.589575215423652,0.962855340291874,0.5688965331186737,0.1069530928231286,1.0,1.0,1.0,1750,phase_ensemble_v1/summaries/dynamic_recovery/amplitude_matched_3x3/checkpoint_1750/seed_2026074101/amplitude_matched_counterfactual.csv
nonlinear_recovery,2026074101,1750,120,1.2,18.699999999999932,0.9022308924750876,0.660980224609375,0.5976829405063834,0.9635527924789704,0.5828648514738768,0.0950522762718935,0.957083388793412,0.8246419191508949,0.9864213107486508,1750,phase_ensemble_v1/summaries/dynamic_recovery/amplitude_matched_3x3/checkpoint_1750/seed_2026074101/amplitude_matched_counterfactual.csv
amplitude_matched_frozen,2026074101,1750,120,1.2,18.699999999999932,0.0691368070376586,0.0102615356445312,0.0589170700973,0.9681010681786856,0.5828648514738763,0.0950522762718934,0.0817862117025441,0.0206861072753363,0.111262162868454,1750,phase_ensemble_v1/summaries/dynamic_recovery/amplitude_matched_3x3/checkpoint_1750/seed_2026074101/amplitude_matched_counterfactual.csv
natural_reference,2026074101,1750,130,1.3,18.799999999999937,0.8597432700400937,0.5567092895507812,0.5812230750417368,0.9634768172407936,0.5681920997684113,0.1071208857244934,1.0,1.0,1.0,1750,phase_ensemble_v1/summaries/dynamic_recovery/amplitude_matched_3x3/checkpoint_1750/seed_2026074101/amplitude_matched_counterfactual.csv
nonlinear_recovery,2026074101,1750,130,1.3,18.799999999999937,0.9035922128004324,0.6635665893554688,0.599455016535987,0.963617665461369,0.5833233900414241,0.095772176487807,0.9494120140692806,0.8103863753282972,0.9694654338334072,1750,phase_ensemble_v1/summaries/dynamic_recovery/amplitude_matched_3x3/checkpoint_1750/seed_2026074101/amplitude_matched_counterfactual.csv
amplitude_matched_frozen,2026074101,1750,130,1.3,18.799999999999937,0.0544541538275877,0.0042648315429687,0.0502009808496122,0.9681684049104669,0.5833233900414245,0.095772176487807,0.0709478514960412,0.0197113692361844,0.110652627086064,1750,phase_ensemble_v1/summaries/dynamic_recovery/amplitude_matched_3x3/checkpoint_1750/seed_2026074101/amplitude_matched_counterfactual.csv
natural_reference,2026074101,1750,140,1.4,18.89999999999993,0.8552166962435706,0.5503921508789062,0.5759062341192113,0.9635191514868728,0.5674749861570454,0.1072080614722306,1.0,1.0,1.0,1750,phase_ensemble_v1/summaries/dynamic_recovery/amplitude_matched_3x3/checkpoint_1750/seed_2026074101/amplitude_matched_counterfactual.csv
nonlinear_recovery,2026074101,1750,140,1.4,18.89999999999993,0.9042759990444924,0.6639175415039062,0.6014445080648411,0.9634034174872776,0.5837110111207191,0.0964696690282184,0.9434008857766863,0.7985541385752579,0.9572289042382388,1750,phase_ensemble_v1/summaries/dynamic_recovery/amplitude_matched_3x3/checkpoint_1750/seed_2026074101/amplitude_matched_counterfactual.csv
amplitude_matched_frozen,2026074101,1750,140,1.4,18.89999999999993,0.0390769545759346,-0.0019149780273437,0.0409888653446166,0.9676572509000808,0.583711011120719,0.0964696690282184,0.0584296183686483,0.0199550537459723,0.1041288830562255,1750,phase_ensemble_v1/summaries/dynamic_recovery/amplitude_matched_3x3/checkpoint_1750/seed_2026074101/amplitude_matched_counterfactual.csv
natural_reference,2026074101,1750,150,1.5,18.999999999999936,0.8511872183895896,0.544281005859375,0.5718234682701442,0.9629280755410248,0.5667528200780048,0.107223445322122,1.0,1.0,1.0,1750,phase_ensemble_v1/summaries/dynamic_recovery/amplitude_matched_3x3/checkpoint_1750/seed_2026074101/amplitude_matched_counterfactual.csv
nonlinear_recovery,2026074101,1750,150,1.5,18.999999999999936,0.904739668530038,0.6629486083984375,0.6041693792694405,0.9629347694758136,0.5840299729725836,0.0971471208754785,0.9382171969557508,0.7894295074865296,0.9458275817779358,1750,phase_ensemble_v1/summaries/dynamic_recovery/amplitude_matched_3x3/checkpoint_1750/seed_2026074101/amplitude_matched_counterfactual.csv
amplitude_matched_frozen,2026074101,1750,150,1.5,18.999999999999936,0.0268567259665699,-0.0044326782226562,0.0312856797158949,0.966836697656452,0.5840299729725841,0.0971471208754785,0.0489800499665075,0.0263314650854249,0.0947158932383274,1750,phase_ensemble_v1/summaries/dynamic_recovery/amplitude_matched_3x3/checkpoint_1750/seed_2026074101/amplitude_matched_counterfactual.csv
natural_reference,2026074101,1750,160,1.6,19.099999999999937,0.8480077538195866,0.5392379760742188,0.568928049967746,0.9618201372803236,0.5660323591768341,0.1071752020048576,1.0,1.0,1.0,1750,phase_ensemble_v1/summaries/dynamic_recovery/amplitude_matched_3x3/checkpoint_1750/seed_2026074101/amplitude_matched_counterfactual.csv
nonlinear_recovery,2026074101,1750,160,1.6,19.099999999999937,0.9045798666118404,0.6612777709960938,0.6054980399570253,0.9624168199992016,0.5842817074084742,0.097816443281965,0.934733449295517,0.7834456989684022,0.9387531613464516,1750,phase_ensemble_v1/summaries/dynamic_recovery/amplitude_matched_3x3/checkpoint_1750/seed_2026074101/amplitude_matched_counterfactual.csv
amplitude_matched_frozen,2026074101,1750,160,1.6,19.099999999999937,0.0190980647139528,-0.0059738159179687,0.025069020549408,0.9658908198263776,0.584281707408474,0.0978164432819649,0.0436970870768386,0.0325454200850188,0.089153531766748,1750,phase_ensemble_v1/summaries/dynamic_recovery/amplitude_matched_3x3/checkpoint_1750/seed_2026074101/amplitude_matched_counterfactual.csv
natural_reference,2026074101,1750,170,1.7,19.199999999999932,0.8455729987448167,0.5341644287109375,0.5679270143573207,0.9603559667203384,0.5653196052864138,0.1070705924875947,1.0,1.0,1.0,1750,phase_ensemble_v1/summaries/dynamic_recovery/amplitude_matched_3x3/checkpoint_1750/seed_2026074101/amplitude_matched_counterfactual.csv
nonlinear_recovery,2026074101,1750,170,1.7,19.199999999999932,0.9034290033116752,0.6584854125976562,0.6046419616580511,0.9620733566425096,0.5844664542396579,0.0984884427292108,0.9332522391467284,0.7793978285002572,0.9385103891425572,1750,phase_ensemble_v1/summaries/dynamic_recovery/amplitude_matched_3x3/checkpoint_1750/seed_2026074101/amplitude_matched_counterfactual.csv
amplitude_matched_frozen,2026074101,1750,170,1.7,19.199999999999932,0.0154611127838315,-0.0055770874023437,0.0210363862611375,0.9648889592852226,0.5844664542396578,0.0984884427292108,0.0423101273515638,0.0422521863915739,0.0840762584303668,1750,phase_ensemble_v1/summaries/dynamic_recovery/amplitude_matched_3x3/checkpoint_1750/seed_2026074101/amplitude_matched_counterfactual.csv
natural_reference,2026074101,1750,180,1.8,19.299999999999937,0.8431684437401538,0.5303802490234375,0.5658251302468104,0.958670047756238,0.5646197613058881,0.106918896886586,1.0,1.0,1.0,1750,phase_ensemble_v1/summaries/dynamic_recovery/amplitude_matched_3x3/checkpoint_1750/seed_2026074101/amplitude_matched_counterfactual.csv
nonlinear_recovery,2026074101,1750,180,1.8,19.299999999999937,0.90113435110784,0.6544647216796875,0.6012822143818014,0.9620255797893515,0.584583581209716,0.0991696808376327,0.9331254456371928,0.7798175073782254,0.940617038402862,1750,phase_ensemble_v1/summaries/dynamic_recovery/amplitude_matched_3x3/checkpoint_1750/seed_2026074101/amplitude_matched_counterfactual.csv
amplitude_matched_frozen,2026074101,1750,180,1.8,19.299999999999937,0.0169445855771125,-0.00616455078125,0.0231067227281189,0.9644774810571152,0.5845835812097158,0.0991696808376328,0.0467956972002064,0.0479246202583055,0.0910638272159083,1750,phase_ensemble_v1/summaries/dynamic_recovery/amplitude_matched_3x3/checkpoint_1750/seed_2026074101/amplitude_matched_counterfactual.csv
natural_reference,2026074101,1750,190,1.9,19.39999999999993,0.840379948517173,0.5289840698242188,0.560616682367059,0.9569168784981388,0.5639368976885782,0.1067335506474751,1.0,1.0,1.0,1750,phase_ensemble_v1/summaries/dynamic_recovery/amplitude_matched_3x3/checkpoint_1750/seed_2026074101/amplitude_matched_counterfactual.csv
nonlinear_recovery,2026074101,1750,190,1.9,19.39999999999993,0.8976367220646279,0.6473388671875,0.5974767268871739,0.9622715174383956,0.584632018444092,0.099862261676202,0.9339435646034112,0.7899845666477134,0.9382673826230769,1750,phase_ensemble_v1/summaries/dynamic_recovery/amplitude_matched_3x3/checkpoint_1750/seed_2026074101/amplitude_matched_counterfactual.csv
amplitude_matched_frozen,2026074101,1750,190,1.9,19.39999999999993,0.0235724322550621,-0.0052642822265625,0.0288331365218881,0.9646893731994828,0.5846320184440918,0.099862261676202,0.057659215032476,0.0519995667830937,0.1093773599462514,1750,phase_ensemble_v1/summaries/dynamic_recovery/amplitude_matched_3x3/checkpoint_1750/seed_2026074101/amplitude_matched_counterfactual.csv
natural_reference,2026074101,1750,200,2.0,19.499999999999936,0.8373372489828389,0.5276718139648438,0.5547961646880171,0.9552850179845525,0.5632735923807108,0.106530320220999,1.0,1.0,1.0,1750,phase_ensemble_v1/summaries/dynamic_recovery/amplitude_matched_3x3/checkpoint_1750/seed_2026074101/amplitude_matched_counterfactual.csv
nonlinear_recovery,2026074101,1750,200,2.0,19.499999999999936,0.8930921579360489,0.6374435424804688,0.5935596463167017,0.9627464074289686,0.5846107525464739,0.1005626896532889,0.9356762473132032,0.8052148485094631,0.935079536372369,1750,phase_ensemble_v1/summaries/dynamic_recovery/amplitude_matched_3x3/checkpoint_1750/seed_2026074101/amplitude_matched_counterfactual.csv
amplitude_matched_frozen,2026074101,1750,200,2.0,19.499999999999936,0.0341403145200228,-0.0016403198242187,0.0357786307039015,0.9650405073306342,0.5846107525464738,0.1005626896532889,0.0733615758473054,0.0607586711071399,0.1307576739395708,1750,phase_ensemble_v1/summaries/dynamic_recovery/amplitude_matched_3x3/checkpoint_1750/seed_2026074101/amplitude_matched_counterfactual.csv
natural_reference,2026074101,1750,210,2.1,19.599999999999937,0.834180060024756,0.5237808227539062,0.551259824062269,0.9539378440537052,0.5626309262722741,0.1063225533332636,1.0,1.0,1.0,1750,phase_ensemble_v1/summaries/dynamic_recovery/amplitude_matched_3x3/checkpoint_1750/seed_2026074101/amplitude_matched_counterfactual.csv
nonlinear_recovery,2026074101,1750,210,2.1,19.599999999999937,0.8880008845851894,0.6257247924804688,0.590238889517811,0.9633775396982894,0.5845194625589053,0.1012604212143428,0.9379075766883576,0.8191048655673787,0.9347184800017296,1750,phase_ensemble_v1/summaries/dynamic_recovery/amplitude_matched_3x3/checkpoint_1750/seed_2026074101/amplitude_matched_counterfactual.csv
amplitude_matched_frozen,2026074101,1750,210,2.1,19.599999999999937,0.0453345810676813,0.0037155151367187,0.0416260774824907,0.965263790314938,0.5845194625589051,0.1012604212143428,0.0899186735446864,0.0771667614328649,0.1464734921085431,1750,phase_ensemble_v1/summaries/dynamic_recovery/amplitude_matched_3x3/checkpoint_1750/seed_2026074101/amplitude_matched_counterfactual.csv
natural_reference,2026074101,1750,220,2.2,19.699999999999932,0.8311970770356295,0.52044677734375,0.5476681813537188,0.9529669396329296,0.5620089250169771,0.1061177966973348,1.0,1.0,1.0,1750,phase_ensemble_v1/summaries/dynamic_recovery/amplitude_matched_3x3/checkpoint_1750/seed_2026074101/amplitude_matched_counterfactual.csv
nonlinear_recovery,2026074101,1750,220,2.2,19.699999999999932,0.8830528619012856,0.61297607421875,0.5887749352467443,0.9640796732421776,0.5843592522076481,0.1019376860685287,0.9401746188146872,0.835810792516178,0.9311550611855424,1750,phase_ensemble_v1/summaries/dynamic_recovery/amplitude_matched_3x3/checkpoint_1750/seed_2026074101/amplitude_matched_counterfactual.csv
amplitude_matched_frozen,2026074101,1750,220,2.2,19.699999999999932,0.0549908701258108,0.011199951171875,0.0438179061859086,0.9651959581501602,0.5843592522076477,0.1019376860685287,0.1045004462454742,0.0963636855928302,0.1561595582116528,1750,phase_ensemble_v1/summaries/dynamic_recovery/amplitude_matched_3x3/checkpoint_1750/seed_2026074101/amplitude_matched_counterfactual.csv
natural_reference,2026074101,1750,230,2.3000000000000003,19.799999999999937,0.8287206300017916,0.5170745849609375,0.5453223153102547,0.9523747614271464,0.5614071135044635,0.1059191444189778,1.0,1.0,1.0,1750,phase_ensemble_v1/summaries/dynamic_recovery/amplitude_matched_3x3/checkpoint_1750/seed_2026074101/amplitude_matched_counterfactual.csv
nonlinear_recovery,2026074101,1750,230,2.3000000000000003,19.799999999999937,0.8783707735688701,0.6006088256835938,0.5879271960823761,0.9647249479977544,0.5841332688834368,0.1025720107213246,0.9427192400519768,0.8517721279072916,0.9286460220725038,1750,phase_ensemble_v1/summaries/dynamic_recovery/amplitude_matched_3x3/checkpoint_1750/seed_2026074101/amplitude_matched_counterfactual.csv
amplitude_matched_frozen,2026074101,1750,230,2.3000000000000003,19.799999999999937,0.0639918637734529,0.0197296142578125,0.0443182027883974,0.964752384234836,0.5841332688834365,0.1025720107213247,0.1177418283898243,0.1174830097744564,0.1609262662257795,1750,phase_ensemble_v1/summaries/dynamic_recovery/amplitude_matched_3x3/checkpoint_1750/seed_2026074101/amplitude_matched_counterfactual.csv
natural_reference,2026074101,1750,240,2.4,19.89999999999993,0.8269197678699745,0.5172119140625,0.5411566199957046,0.95205487870132,0.5608247353123178,0.1057299528653736,1.0,1.0,1.0,1750,phase_ensemble_v1/summaries/dynamic_recovery/amplitude_matched_3x3/checkpoint_1750/seed_2026074101/amplitude_matched_counterfactual.csv
nonlinear_recovery,2026074101,1750,240,2.4,19.89999999999993,0.8740085970535263,0.5877151489257812,0.5886791384182704,0.965154256857106,0.5838469608924461,0.1031406884262198,0.9456741969526752,0.874895080280508,0.9204100406073278,1750,phase_ensemble_v1/summaries/dynamic_recovery/amplitude_matched_3x3/checkpoint_1750/seed_2026074101/amplitude_matched_counterfactual.csv
amplitude_matched_frozen,2026074101,1750,240,2.4,19.89999999999993,0.0731543121125508,0.0279006958007812,0.045346170394397,0.9639454196046332,0.583846960892446,0.1031406884262198,0.1303900648339286,0.1317385535970541,0.169624530431186,1750,phase_ensemble_v1/summaries/dynamic_recovery/amplitude_matched_3x3/checkpoint_1750/seed_2026074101/amplitude_matched_counterfactual.csv
natural_reference,2026074101,1750,250,2.5,19.999999999999936,0.8260019158661493,0.5184173583984375,0.5379362434551374,0.9517890374214896,0.5602605314641725,0.1055570796357707,1.0,1.0,1.0,1750,phase_ensemble_v1/summaries/dynamic_recovery/amplitude_matched_3x3/checkpoint_1750/seed_2026074101/amplitude_matched_counterfactual.csv
nonlinear_recovery,2026074101,1750,250,2.5,19.999999999999936,0.8701656850150837,0.5767822265625,0.5890005262100141,0.96523216407513,0.5835078486676363,0.1036257570479128,0.9490488027370496,0.8964340833401023,0.914478349932172,1750,phase_ensemble_v1/summaries/dynamic_recovery/amplitude_matched_3x3/checkpoint_1750/seed_2026074101/amplitude_matched_counterfactual.csv
amplitude_matched_frozen,2026074101,1750,250,2.5,19.999999999999936,0.0826414595126372,0.0354995727539062,0.0472805955679009,0.962976164631198,0.5835078486676363,0.1036257570479128,0.1423941846671284,0.1430834213305174,0.178257710504938,1750,phase_ensemble_v1/summaries/dynamic_recovery/amplitude_matched_3x3/checkpoint_1750/seed_2026074101/amplitude_matched_counterfactual.csv
natural_reference,2026074101,1750,260,2.6,20.099999999999937,0.8259146606294534,0.52008056640625,0.5361204197624206,0.9512994167332516,0.5597124319502149,0.1054092071831064,1.0,1.0,1.0,1750,phase_ensemble_v1/summaries/dynamic_recovery/amplitude_matched_3x3/checkpoint_1750/seed_2026074101/amplitude_matched_counterfactual.csv
nonlinear_recovery,2026074101,1750,260,2.6,20.099999999999937,0.8672231314939793,0.56646728515625,0.5911703880032547,0.9649075567458416,0.5831248533983404,0.1040175110895119,0.9523429252482613,0.917688787804944,0.9078031871565252,1750,phase_ensemble_v1/summaries/dynamic_recovery/amplitude_matched_3x3/checkpoint_1750/seed_2026074101/amplitude_matched_counterfactual.csv
amplitude_matched_frozen,2026074101,1750,260,2.6,20.099999999999937,0.0904606424407491,0.04083251953125,0.0498121157120137,0.9622668429188584,0.5831248533983404,0.104017511089512,0.1515157451305011,0.1495952129531854,0.1855385729449838,1750,phase_ensemble_v1/summaries/dynamic_recovery/amplitude_matched_3x3/checkpoint_1750/seed_2026074101/amplitude_matched_counterfactual.csv
natural_reference,2026074101,1750,270,2.7,20.199999999999932,0.826288047882346,0.5244293212890625,0.5326884363168483,0.9503355123781334,0.5591776105439088,0.1052919317357854,1.0,1.0,1.0,1750,phase_ensemble_v1/summaries/dynamic_recovery/amplitude_matched_3x3/checkpoint_1750/seed_2026074101/amplitude_matched_counterfactual.csv
nonlinear_recovery,2026074101,1750,270,2.7,20.199999999999932,0.8657041564484655,0.5635528564453125,0.5899895136439238,0.9642840585967906,0.5827074373616481,0.1043144943018031,0.9545261203563128,0.9305769907670648,0.9040330653972086,1750,phase_ensemble_v1/summaries/dynamic_recovery/amplitude_matched_3x3/checkpoint_1750/seed_2026074101/amplitude_matched_counterfactual.csv
amplitude_matched_frozen,2026074101,1750,270,2.7,20.199999999999932,0.0953135951787612,0.0447921752929687,0.0507380359482268,0.9618454729092756,0.582707437361648,0.1043144943018031,0.1566837647330611,0.1489047735087861,0.1928371208457152,1750,phase_ensemble_v1/summaries/dynamic_recovery/amplitude_matched_3x3/checkpoint_1750/seed_2026074101/amplitude_matched_counterfactual.csv
natural_reference,2026074101,1750,280,2.8000000000000003,20.299999999999937,0.8267170986813713,0.528411865234375,0.5297056025666195,0.94874880918551,0.5586530058740002,0.1052039928435527,1.0,1.0,1.0,1750,phase_ensemble_v1/summaries/dynamic_recovery/amplitude_matched_3x3/checkpoint_1750/seed_2026074101/amplitude_matched_counterfactual.csv
nonlinear_recovery,2026074101,1750,280,2.8000000000000003,20.299999999999937,0.865775719768346,0.5667953491210938,0.5870621109053344,0.9636288760188524,0.5822649121425949,0.104520696060626,0.9549385492639888,0.9318901795142556,0.9039402304189306,1750,phase_ensemble_v1/summaries/dynamic_recovery/amplitude_matched_3x3/checkpoint_1750/seed_2026074101/amplitude_matched_counterfactual.csv
amplitude_matched_frozen,2026074101,1750,280,2.8000000000000003,20.299999999999937,0.097405276334229,0.0469589233398437,0.0506781572627271,0.9614880045967608,0.5822649121425951,0.104520696060626,0.158601920925319,0.145682722768256,0.1977324395836616,1750,phase_ensemble_v1/summaries/dynamic_recovery/amplitude_matched_3x3/checkpoint_1750/seed_2026074101/amplitude_matched_counterfactual.csv
natural_reference,2026074101,1750,290,2.9,20.39999999999993,0.8272379179724627,0.531890869140625,0.5274057223385519,0.946524766293763,0.5581360607149862,0.1051367324543491,1.0,1.0,1.0,1750,phase_ensemble_v1/summaries/dynamic_recovery/amplitude_matched_3x3/checkpoint_1750/seed_2026074101/amplitude_matched_counterfactual.csv
nonlinear_recovery,2026074101,1750,290,2.9,20.39999999999993,0.8672210158246595,0.5727157592773438,0.5851149843326924,0.9631970627140009,0.5818060012980059,0.1046438063216705,0.9538719917908032,0.927558010451358,0.903349444197096,1750,phase_ensemble_v1/summaries/dynamic_recovery/amplitude_matched_3x3/checkpoint_1750/seed_2026074101/amplitude_matched_counterfactual.csv
amplitude_matched_frozen,2026074101,1750,290,2.9,20.39999999999993,0.0988877813261716,0.0492477416992187,0.0498829696849268,0.9613295698007004,0.5818060012980062,0.1046438063216705,0.1597114058898786,0.1435707903500934,0.2002524749460208,1750,phase_ensemble_v1/summaries/dynamic_recovery/amplitude_matched_3x3/checkpoint_1750/seed_2026074101/amplitude_matched_counterfactual.csv
natural_reference,2026074101,1750,300,3.0,20.499999999999936,0.8280870862666923,0.5369338989257812,0.5242489753833228,0.9437454882131092,0.5576253786130236,0.1050760596424566,1.0,1.0,1.0,1750,phase_ensemble_v1/summaries/dynamic_recovery/amplitude_matched_3x3/checkpoint_1750/seed_2026074101/amplitude_matched_counterfactual.csv
nonlinear_recovery,2026074101,1750,300,3.0,20.499999999999936,0.8692505858411249,0.58319091796875,0.5801710035864406,0.9630138072749036,0.581338464905463,0.1046955433855372,0.9525101768425284,0.9179189342864104,0.9063426749764052,1750,phase_ensemble_v1/summaries/dynamic_recovery/amplitude_matched_3x3/checkpoint_1750/seed_2026074101/amplitude_matched_counterfactual.csv
amplitude_matched_frozen,2026074101,1750,300,3.0,20.499999999999936,0.1019704673301579,0.04986572265625,0.0523710425769582,0.9615817820891998,0.5813384649054631,0.1046955433855373,0.1622881877998723,0.1357187339235913,0.2097063296097727,1750,phase_ensemble_v1/summaries/dynamic_recovery/amplitude_matched_3x3/checkpoint_1750/seed_2026074101/amplitude_matched_counterfactual.csv
natural_reference,2026074102,1750,0,0.0,17.499999999999936,0.8699436362110144,0.5532913208007812,0.6105109169656328,0.9601377679471532,0.574698858445592,0.1025597727375496,1.0,1.0,1.0,1750,phase_ensemble_v1/summaries/dynamic_recovery/amplitude_matched_3x3/checkpoint_1750/seed_2026074102/amplitude_matched_counterfactual.csv
nonlinear_recovery,2026074102,1750,0,0.0,17.499999999999936,0.0563253603440228,0.0249786376953125,0.0313908874541386,0.9594266536754394,0.574698858445592,0.1025597727375496,0.0,0.0,0.0,1750,phase_ensemble_v1/summaries/dynamic_recovery/amplitude_matched_3x3/checkpoint_1750/seed_2026074102/amplitude_matched_counterfactual.csv
amplitude_matched_frozen,2026074102,1750,0,0.0,17.499999999999936,0.0563253603440229,0.0249786376953125,0.0313908874541389,0.9594266536754394,0.574698858445592,0.1025597727375496,1.1102230246251563e-16,0.0,5.551115123125784e-16,1750,phase_ensemble_v1/summaries/dynamic_recovery/amplitude_matched_3x3/checkpoint_1750/seed_2026074102/amplitude_matched_counterfactual.csv
natural_reference,2026074102,1750,10,0.1,17.599999999999937,0.8708595782075431,0.5536956787109375,0.612511588142537,0.9586110118972884,0.5744189112480855,0.1030285263885854,1.0,1.0,1.0,1750,phase_ensemble_v1/summaries/dynamic_recovery/amplitude_matched_3x3/checkpoint_1750/seed_2026074102/amplitude_matched_counterfactual.csv
nonlinear_recovery,2026074102,1750,10,0.1,17.599999999999937,0.2848543935531417,0.1426544189453125,0.1482231309209296,0.9611708323065764,0.574755428065382,0.0968535126988082,0.279754152486368,0.221973515098127,0.1982863075669317,1750,phase_ensemble_v1/summaries/dynamic_recovery/amplitude_matched_3x3/checkpoint_1750/seed_2026074102/amplitude_matched_counterfactual.csv
amplitude_matched_frozen,2026074102,1750,10,0.1,17.599999999999937,0.1058235336436782,0.0557937622070312,0.0503269162998927,0.9629891956278864,0.5747554280653818,0.0968535126988081,0.0597113323829379,0.0575620604502722,0.0292432601288811,1750,phase_ensemble_v1/summaries/dynamic_recovery/amplitude_matched_3x3/checkpoint_1750/seed_2026074102/amplitude_matched_counterfactual.csv
natural_reference,2026074102,1750,20,0.2,17.699999999999935,0.872919614818557,0.5578994750976562,0.6140760161822721,0.9579318132001076,0.5740951431004859,0.1034358548549289,1.0,1.0,1.0,1750,phase_ensemble_v1/summaries/dynamic_recovery/amplitude_matched_3x3/checkpoint_1750/seed_2026074102/amplitude_matched_counterfactual.csv
nonlinear_recovery,2026074102,1750,20,0.2,17.699999999999935,0.4652949229656815,0.2398834228515625,0.2537322113117605,0.961832814070554,0.5752436271059175,0.0936997484621613,0.4989976209439118,0.3980533452712753,0.3777735417397445,1750,phase_ensemble_v1/summaries/dynamic_recovery/amplitude_matched_3x3/checkpoint_1750/seed_2026074102/amplitude_matched_counterfactual.csv
amplitude_matched_frozen,2026074102,1750,20,0.2,17.699999999999935,0.1316034434160171,0.0679702758789062,0.0642075115843818,0.964785416747104,0.5752436271059174,0.0936997484621612,0.0888648972239551,0.0726529669155342,0.0505102973873626,1750,phase_ensemble_v1/summaries/dynamic_recovery/amplitude_matched_3x3/checkpoint_1750/seed_2026074102/amplitude_matched_counterfactual.csv
natural_reference,2026074102,1750,30,0.3,17.799999999999937,0.8759149216938054,0.5618209838867188,0.6184258785421621,0.9578820914489344,0.5737335621597124,0.1037869822341482,1.0,1.0,1.0,1750,phase_ensemble_v1/summaries/dynamic_recovery/amplitude_matched_3x3/checkpoint_1750/seed_2026074102/amplitude_matched_counterfactual.csv
nonlinear_recovery,2026074102,1750,30,0.3,17.799999999999937,0.5927926256148948,0.3165435791015625,0.3400593881784565,0.9623062878338774,0.5759649191162635,0.0920641908094295,0.65202072706981,0.5357344000462114,0.5193285050104096,1750,phase_ensemble_v1/summaries/dynamic_recovery/amplitude_matched_3x3/checkpoint_1750/seed_2026074102/amplitude_matched_counterfactual.csv
amplitude_matched_frozen,2026074102,1750,30,0.3,17.799999999999937,0.1337405560551629,0.0660781860351562,0.0682656563813589,0.9653760430597368,0.5759649191162636,0.0920641908094295,0.0878101099096116,0.0616488800958886,0.050006571824358,1750,phase_ensemble_v1/summaries/dynamic_recovery/amplitude_matched_3x3/checkpoint_1750/seed_2026074102/amplitude_matched_counterfactual.csv
natural_reference,2026074102,1750,40,0.4,17.899999999999935,0.8792340235603993,0.5674819946289062,0.6221967943191954,0.9581755493926936,0.5733388721000134,0.1041026974867974,1.0,1.0,1.0,1750,phase_ensemble_v1/summaries/dynamic_recovery/amplitude_matched_3x3/checkpoint_1750/seed_2026074102/amplitude_matched_counterfactual.csv
nonlinear_recovery,2026074102,1750,40,0.4,17.899999999999935,0.6786842896410933,0.37652587890625,0.4058771500409303,0.9629243884416998,0.5768004962676441,0.0913344654124784,0.7535088138161594,0.6385547388334513,0.6264683774437271,1750,phase_ensemble_v1/summaries/dynamic_recovery/amplitude_matched_3x3/checkpoint_1750/seed_2026074102/amplitude_matched_counterfactual.csv
amplitude_matched_frozen,2026074102,1750,40,0.4,17.899999999999935,0.1240010168406977,0.0575714111328125,0.0669072507851969,0.9652969617734692,0.5768004962676443,0.0913344654124785,0.0717600266354326,0.0348318338700593,0.0411494763833284,1750,phase_ensemble_v1/summaries/dynamic_recovery/amplitude_matched_3x3/checkpoint_1750/seed_2026074102/amplitude_matched_counterfactual.csv
natural_reference,2026074102,1750,50,0.5,17.999999999999936,0.8819833432218848,0.5704421997070312,0.6269953883373672,0.9585372347268604,0.5729130838944401,0.1044145507644292,1.0,1.0,1.0,1750,phase_ensemble_v1/summaries/dynamic_recovery/amplitude_matched_3x3/checkpoint_1750/seed_2026074102/amplitude_matched_counterfactual.csv
nonlinear_recovery,2026074102,1750,50,0.5,17.999999999999936,0.7369313320111188,0.425201416015625,0.453982820538397,0.9637674457881196,0.5776806390907128,0.0911218691315094,0.8217198217970233,0.7250855632734992,0.7012492074485634,1750,phase_ensemble_v1/summaries/dynamic_recovery/amplitude_matched_3x3/checkpoint_1750/seed_2026074102/amplitude_matched_counterfactual.csv
amplitude_matched_frozen,2026074102,1750,50,0.5,17.999999999999936,0.112600495893925,0.0512466430664062,0.0617099437277278,0.964829151764028,0.5776806390907124,0.0911218691315094,0.0543687744623173,0.0172570652880269,0.0238889767178742,1750,phase_ensemble_v1/summaries/dynamic_recovery/amplitude_matched_3x3/checkpoint_1750/seed_2026074102/amplitude_matched_counterfactual.csv
natural_reference,2026074102,1750,60,0.6,18.099999999999937,0.8834474316746816,0.572479248046875,0.6291786175469591,0.9587959415783552,0.5724549979657834,0.104752844575301,1.0,1.0,1.0,1750,phase_ensemble_v1/summaries/dynamic_recovery/amplitude_matched_3x3/checkpoint_1750/seed_2026074102/amplitude_matched_counterfactual.csv
nonlinear_recovery,2026074102,1750,60,0.6,18.099999999999937,0.7771615829407736,0.4666671752929687,0.48718439997724,0.9649680784930216,0.5785669805353459,0.0911785217768994,0.8693664438392196,0.7997169552471587,0.7548103841452424,1750,phase_ensemble_v1/summaries/dynamic_recovery/amplitude_matched_3x3/checkpoint_1750/seed_2026074102/amplitude_matched_counterfactual.csv
amplitude_matched_frozen,2026074102,1750,60,0.6,18.099999999999937,0.099603193162778,0.0463104248046875,0.0535397292569096,0.96449561116852,0.5785669805353459,0.0911785217768994,0.0365946024545243,0.0040579375279795,0.0060110875881482,1750,phase_ensemble_v1/summaries/dynamic_recovery/amplitude_matched_3x3/checkpoint_1750/seed_2026074102/amplitude_matched_counterfactual.csv
natural_reference,2026074102,1750,70,0.7000000000000001,18.199999999999932,0.8836214954570131,0.573272705078125,0.6289444066959287,0.9589839850930486,0.5719610268423991,0.1051330429970961,1.0,1.0,1.0,1750,phase_ensemble_v1/summaries/dynamic_recovery/amplitude_matched_3x3/checkpoint_1750/seed_2026074102/amplitude_matched_counterfactual.csv
nonlinear_recovery,2026074102,1750,70,0.7000000000000001,18.199999999999932,0.8059517656568514,0.50323486328125,0.5092669219132703,0.9665526032832394,0.5794408203358344,0.0913536123998537,0.9045378746963412,0.867431080046789,0.79334597547315,1750,phase_ensemble_v1/summaries/dynamic_recovery/amplitude_matched_3x3/checkpoint_1750/seed_2026074102/amplitude_matched_counterfactual.csv
amplitude_matched_frozen,2026074102,1750,70,0.7000000000000001,18.199999999999932,0.0856423410996655,0.0392684936523437,0.0465303310784704,0.964359881109031,0.5794408203358343,0.0913536123998537,0.0192216939731093,-0.0107730298785506,-0.005688019647227,1750,phase_ensemble_v1/summaries/dynamic_recovery/amplitude_matched_3x3/checkpoint_1750/seed_2026074102/amplitude_matched_counterfactual.csv
natural_reference,2026074102,1750,80,0.8,18.299999999999937,0.8822698546869754,0.5753250122070312,0.6233545950583436,0.9592930654869952,0.5714271397427889,0.1055480896364074,1.0,1.0,1.0,1750,phase_ensemble_v1/summaries/dynamic_recovery/amplitude_matched_3x3/checkpoint_1750/seed_2026074102/amplitude_matched_counterfactual.csv
nonlinear_recovery,2026074102,1750,80,0.8,18.299999999999937,0.8270235184703741,0.53570556640625,0.5230510784835771,0.9682586174759644,0.5802947846160629,0.091568095221838,0.9320979655259948,0.9250075815558796,0.8268001252531784,1750,phase_ensemble_v1/summaries/dynamic_recovery/amplitude_matched_3x3/checkpoint_1750/seed_2026074102/amplitude_matched_counterfactual.csv
amplitude_matched_frozen,2026074102,1750,80,0.8,18.299999999999937,0.0749812341702504,0.0288848876953125,0.0461963997706786,0.9647361861821294,0.5802947846160633,0.091568095221838,0.0077796376237023,-0.0343119557525957,0.0033876124531283,1750,phase_ensemble_v1/summaries/dynamic_recovery/amplitude_matched_3x3/checkpoint_1750/seed_2026074102/amplitude_matched_counterfactual.csv
natural_reference,2026074102,1750,90,0.9,18.39999999999993,0.8795971691664934,0.5747299194335938,0.616554592283382,0.9598972261858412,0.5708510712893844,0.1059710049067424,1.0,1.0,1.0,1750,phase_ensemble_v1/summaries/dynamic_recovery/amplitude_matched_3x3/checkpoint_1750/seed_2026074102/amplitude_matched_counterfactual.csv
nonlinear_recovery,2026074102,1750,90,0.9,18.39999999999993,0.8424724676732855,0.5589752197265625,0.5358318373088677,0.9698027131804816,0.5811265928714886,0.0917960814340715,0.9543708608884826,0.9701792135399367,0.8606113571264208,1750,phase_ensemble_v1/summaries/dynamic_recovery/amplitude_matched_3x3/checkpoint_1750/seed_2026074102/amplitude_matched_counterfactual.csv
amplitude_matched_frozen,2026074102,1750,90,0.9,18.39999999999993,0.0685087627650819,0.0227584838867187,0.0458217220717181,0.9656311656966386,0.5811265928714884,0.0917960814340715,0.003109405897851,-0.0447817233959593,0.014482592333933,1750,phase_ensemble_v1/summaries/dynamic_recovery/amplitude_matched_3x3/checkpoint_1750/seed_2026074102/amplitude_matched_counterfactual.csv
natural_reference,2026074102,1750,100,1.0,18.499999999999936,0.8756053809805747,0.5713272094726562,0.6088695198206517,0.9608082958159424,0.5702338204881109,0.1063656586692218,1.0,1.0,1.0,1750,phase_ensemble_v1/summaries/dynamic_recovery/amplitude_matched_3x3/checkpoint_1750/seed_2026074102/amplitude_matched_counterfactual.csv
nonlinear_recovery,2026074102,1750,100,1.0,18.499999999999936,0.8534415890098763,0.5753097534179688,0.5464207431263114,0.9711009472049876,0.5819347025972823,0.0920452075804609,0.972758979698335,0.9924617672967782,0.8921660907722051,1750,phase_ensemble_v1/summaries/dynamic_recovery/amplitude_matched_3x3/checkpoint_1750/seed_2026074102/amplitude_matched_counterfactual.csv
amplitude_matched_frozen,2026074102,1750,100,1.0,18.499999999999936,0.0656484543115062,0.0167160034179687,0.0489862073673273,0.9665576505473932,0.5819347025972826,0.0920452075804609,0.0045000822947611,-0.049778329747137,0.0332171502933451,1750,phase_ensemble_v1/summaries/dynamic_recovery/amplitude_matched_3x3/checkpoint_1750/seed_2026074102/amplitude_matched_counterfactual.csv
natural_reference,2026074102,1750,110,1.1,18.599999999999937,0.8706115391318684,0.5691909790039062,0.5975163346662592,0.96187478046708,0.569579913085362,0.106699616643629,1.0,1.0,1.0,1750,phase_ensemble_v1/summaries/dynamic_recovery/amplitude_matched_3x3/checkpoint_1750/seed_2026074102/amplitude_matched_counterfactual.csv
nonlinear_recovery,2026074102,1750,110,1.1,18.599999999999937,0.8600151304483755,0.5860671997070312,0.5523440641056299,0.9721851093003674,0.5827160165464611,0.0923354565642252,0.9869761914182652,0.9680563778936272,0.9219984316571928,1750,phase_ensemble_v1/summaries/dynamic_recovery/amplitude_matched_3x3/checkpoint_1750/seed_2026074102/amplitude_matched_counterfactual.csv
amplitude_matched_frozen,2026074102,1750,110,1.1,18.599999999999937,0.0666601824290475,0.0129776000976562,0.0537290627627762,0.9672501510718048,0.5827160165464611,0.0923354565642253,0.0118813938316093,-0.0528109520990078,0.061011113081023,1750,phase_ensemble_v1/summaries/dynamic_recovery/amplitude_matched_3x3/checkpoint_1750/seed_2026074102/amplitude_matched_counterfactual.csv
natural_reference,2026074102,1750,120,1.2,18.699999999999932,0.8650313876194766,0.5621566772460938,0.589575215423652,0.962855340291874,0.5688965331186737,0.1069530928231286,1.0,1.0,1.0,1750,phase_ensemble_v1/summaries/dynamic_recovery/amplitude_matched_3x3/checkpoint_1750/seed_2026074102/amplitude_matched_counterfactual.csv
nonlinear_recovery,2026074102,1750,120,1.2,18.699999999999932,0.8630934174415176,0.5955810546875,0.5504846326557161,0.9730736874749868,0.5834655973983484,0.0926814739048428,0.997618084259607,0.9367337213164468,0.9325000331953464,1750,phase_ensemble_v1/summaries/dynamic_recovery/amplitude_matched_3x3/checkpoint_1750/seed_2026074102/amplitude_matched_counterfactual.csv
amplitude_matched_frozen,2026074102,1750,120,1.2,18.699999999999932,0.0703748304559686,0.0120086669921875,0.0584155308906285,0.9678231137128364,0.5834655973983482,0.0926814739048428,0.0233054237667879,-0.0413303103383539,0.0828158974555356,1750,phase_ensemble_v1/summaries/dynamic_recovery/amplitude_matched_3x3/checkpoint_1750/seed_2026074102/amplitude_matched_counterfactual.csv
natural_reference,2026074102,1750,130,1.3,18.799999999999937,0.8597432700400937,0.5567092895507812,0.5812230750417368,0.9634768172407936,0.5681920997684113,0.1071208857244934,1.0,1.0,1.0,1750,phase_ensemble_v1/summaries/dynamic_recovery/amplitude_matched_3x3/checkpoint_1750/seed_2026074102/amplitude_matched_counterfactual.csv
nonlinear_recovery,2026074102,1750,130,1.3,18.799999999999937,0.8642033076104202,0.601593017578125,0.5469893055906523,0.973705969525768,0.584177596555952,0.093087254992181,0.994518267715196,0.9150432509711612,0.9408865732377418,1750,phase_ensemble_v1/summaries/dynamic_recovery/amplitude_matched_3x3/checkpoint_1750/seed_2026074102/amplitude_matched_counterfactual.csv
amplitude_matched_frozen,2026074102,1750,130,1.3,18.799999999999937,0.0734641562978329,0.0141677856445312,0.0593581520674391,0.9683400586730676,0.5841775965559521,0.093087254992181,0.0336019518435697,-0.0269325746963766,0.098865699025283,1750,phase_ensemble_v1/summaries/dynamic_recovery/amplitude_matched_3x3/checkpoint_1750/seed_2026074102/amplitude_matched_counterfactual.csv
natural_reference,2026074102,1750,140,1.4,18.89999999999993,0.8552166962435706,0.5503921508789062,0.5759062341192113,0.9635191514868728,0.5674749861570454,0.1072080614722306,1.0,1.0,1.0,1750,phase_ensemble_v1/summaries/dynamic_recovery/amplitude_matched_3x3/checkpoint_1750/seed_2026074102/amplitude_matched_counterfactual.csv
nonlinear_recovery,2026074102,1750,140,1.4,18.89999999999993,0.8641624936982433,0.60491943359375,0.5432003068816866,0.9739464122218991,0.5848460604842389,0.0935520235438149,0.9890049207103416,0.8967897526246624,0.9435247866230544,1750,phase_ensemble_v1/summaries/dynamic_recovery/amplitude_matched_3x3/checkpoint_1750/seed_2026074102/amplitude_matched_counterfactual.csv
amplitude_matched_frozen,2026074102,1750,140,1.4,18.89999999999993,0.0754730781743946,0.0167465209960937,0.058800876281354,0.9687299329329784,0.5848460604842391,0.0935520235438149,0.0416345831977764,-0.0100943001140842,0.1070843150183361,1750,phase_ensemble_v1/summaries/dynamic_recovery/amplitude_matched_3x3/checkpoint_1750/seed_2026074102/amplitude_matched_counterfactual.csv
natural_reference,2026074102,1750,150,1.5,18.999999999999936,0.8511872183895896,0.544281005859375,0.5718234682701442,0.9629280755410248,0.5667528200780048,0.107223445322122,1.0,1.0,1.0,1750,phase_ensemble_v1/summaries/dynamic_recovery/amplitude_matched_3x3/checkpoint_1750/seed_2026074102/amplitude_matched_counterfactual.csv
nonlinear_recovery,2026074102,1750,150,1.5,18.999999999999936,0.8637842067420705,0.60626220703125,0.5406488245320288,0.9736484935484429,0.585465208160316,0.0940727750774089,0.9845173237547332,0.8826808381590538,0.9461689422753824,1750,phase_ensemble_v1/summaries/dynamic_recovery/amplitude_matched_3x3/checkpoint_1750/seed_2026074102/amplitude_matched_counterfactual.csv
amplitude_matched_frozen,2026074102,1750,150,1.5,18.999999999999936,0.075894540702814,0.0164947509765625,0.0594742432445474,0.9689442041907084,0.5854652081603161,0.0940727750774089,0.0471051343326528,0.0009964330584718,0.1152970042190055,1750,phase_ensemble_v1/summaries/dynamic_recovery/amplitude_matched_3x3/checkpoint_1750/seed_2026074102/amplitude_matched_counterfactual.csv
natural_reference,2026074102,1750,160,1.6,19.099999999999937,0.8480077538195866,0.5392379760742188,0.568928049967746,0.9618201372803236,0.5660323591768341,0.1071752020048576,1.0,1.0,1.0,1750,phase_ensemble_v1/summaries/dynamic_recovery/amplitude_matched_3x3/checkpoint_1750/seed_2026074102/amplitude_matched_counterfactual.csv
nonlinear_recovery,2026074102,1750,160,1.6,19.099999999999937,0.8638759962671829,0.609893798828125,0.5368156747220987,0.9727443050245131,0.5860298475597148,0.0946397747791406,0.9804966986137484,0.866261354282496,0.9445497071259388,1750,phase_ensemble_v1/summaries/dynamic_recovery/amplitude_matched_3x3/checkpoint_1750/seed_2026074102/amplitude_matched_counterfactual.csv
amplitude_matched_frozen,2026074102,1750,160,1.6,19.099999999999937,0.0736954773655989,0.015472412109375,0.0582895297057345,0.9688396098645498,0.5860298475597148,0.0946397747791406,0.0483101235295133,0.0086068710557858,0.118250976930031,1750,phase_ensemble_v1/summaries/dynamic_recovery/amplitude_matched_3x3/checkpoint_1750/seed_2026074102/amplitude_matched_counterfactual.csv
natural_reference,2026074102,1750,170,1.7,19.199999999999932,0.8455729987448167,0.5341644287109375,0.5679270143573207,0.9603559667203384,0.5653196052864138,0.1070705924875947,1.0,1.0,1.0,1750,phase_ensemble_v1/summaries/dynamic_recovery/amplitude_matched_3x3/checkpoint_1750/seed_2026074102/amplitude_matched_counterfactual.csv
nonlinear_recovery,2026074102,1750,170,1.7,19.199999999999932,0.864874535959145,0.61328125,0.5357737643989443,0.9713541969706448,0.5865362925630945,0.0952323051313762,0.9762769129125564,0.8502462200528542,0.944479126398894,1750,phase_ensemble_v1/summaries/dynamic_recovery/amplitude_matched_3x3/checkpoint_1750/seed_2026074102/amplitude_matched_counterfactual.csv
amplitude_matched_frozen,2026074102,1750,170,1.7,19.199999999999932,0.0687481446265992,0.014434814453125,0.054367282454787,0.9683788917232304,0.5865362925630944,0.0952323051313762,0.045221970597412,0.0162461911707366,0.1132067520860271,1750,phase_ensemble_v1/summaries/dynamic_recovery/amplitude_matched_3x3/checkpoint_1750/seed_2026074102/amplitude_matched_counterfactual.csv
natural_reference,2026074102,1750,180,1.8,19.299999999999937,0.8431684437401538,0.5303802490234375,0.5658251302468104,0.958670047756238,0.5646197613058881,0.106918896886586,1.0,1.0,1.0,1750,phase_ensemble_v1/summaries/dynamic_recovery/amplitude_matched_3x3/checkpoint_1750/seed_2026074102/amplitude_matched_counterfactual.csv
nonlinear_recovery,2026074102,1750,180,1.8,19.299999999999937,0.8669781509011959,0.6170501708984375,0.5374437160059214,0.969772505255768,0.5869834546643663,0.0958198582625448,0.9707360222019712,0.835949571822606,0.9509921729613988,1750,phase_ensemble_v1/summaries/dynamic_recovery/amplitude_matched_3x3/checkpoint_1750/seed_2026074102/amplitude_matched_counterfactual.csv
amplitude_matched_frozen,2026074102,1750,180,1.8,19.299999999999937,0.0636801437741327,0.012786865234375,0.0509347531514884,0.9676746535209428,0.5869834546643664,0.0958198582625448,0.0419483889599232,0.0202896876398978,0.1109090501849019,1750,phase_ensemble_v1/summaries/dynamic_recovery/amplitude_matched_3x3/checkpoint_1750/seed_2026074102/amplitude_matched_counterfactual.csv
natural_reference,2026074102,1750,190,1.9,19.39999999999993,0.840379948517173,0.5289840698242188,0.560616682367059,0.9569168784981388,0.5639368976885782,0.1067335506474751,1.0,1.0,1.0,1750,phase_ensemble_v1/summaries/dynamic_recovery/amplitude_matched_3x3/checkpoint_1750/seed_2026074102/amplitude_matched_counterfactual.csv
nonlinear_recovery,2026074102,1750,190,1.9,19.39999999999993,0.8700917749514263,0.62103271484375,0.5418514458357828,0.9682592635893736,0.5873735309648247,0.096368574936016,0.9634818595949158,0.8257686253556111,0.9675969823611432,1750,phase_ensemble_v1/summaries/dynamic_recovery/amplitude_matched_3x3/checkpoint_1750/seed_2026074102/amplitude_matched_counterfactual.csv
amplitude_matched_frozen,2026074102,1750,190,1.9,19.39999999999993,0.0599906396720182,0.0127792358398437,0.0472476254934587,0.9669023516270157,0.5873735309648248,0.096368574936016,0.0408409791267632,0.0229179603448524,0.1135360016702528,1750,phase_ensemble_v1/summaries/dynamic_recovery/amplitude_matched_3x3/checkpoint_1750/seed_2026074102/amplitude_matched_counterfactual.csv
natural_reference,2026074102,1750,200,2.0,19.499999999999936,0.8373372489828389,0.5276718139648438,0.5547961646880171,0.9552850179845525,0.5632735923807108,0.106530320220999,1.0,1.0,1.0,1750,phase_ensemble_v1/summaries/dynamic_recovery/amplitude_matched_3x3/checkpoint_1750/seed_2026074102/amplitude_matched_counterfactual.csv
nonlinear_recovery,2026074102,1750,200,2.0,19.499999999999936,0.8735449663699711,0.623748779296875,0.5488489390102637,0.9669498129008428,0.5877119179542615,0.0968497082095931,0.9554979055152746,0.8181437462994787,0.9897305819611004,1750,phase_ensemble_v1/summaries/dynamic_recovery/amplitude_matched_3x3/checkpoint_1750/seed_2026074102/amplitude_matched_counterfactual.csv
amplitude_matched_frozen,2026074102,1750,200,2.0,19.499999999999936,0.0575221512814505,0.0123214721679687,0.0452327381597905,0.9661033477858996,0.5877119179542613,0.096849708209593,0.0415467291827763,0.0245353589325169,0.1201074033684187,1750,phase_ensemble_v1/summaries/dynamic_recovery/amplitude_matched_3x3/checkpoint_1750/seed_2026074102/amplitude_matched_counterfactual.csv
natural_reference,2026074102,1750,210,2.1,19.599999999999937,0.834180060024756,0.5237808227539062,0.551259824062269,0.9539378440537052,0.5626309262722741,0.1063225533332636,1.0,1.0,1.0,1750,phase_ensemble_v1/summaries/dynamic_recovery/amplitude_matched_3x3/checkpoint_1750/seed_2026074102/amplitude_matched_counterfactual.csv
nonlinear_recovery,2026074102,1750,210,2.1,19.599999999999937,0.8768679786922323,0.6256866455078125,0.5565045291557441,0.9658985154025436,0.5880063512626239,0.0972458274623937,0.9475332352607392,0.8071107773621962,0.9909436648255816,1750,phase_ensemble_v1/summaries/dynamic_recovery/amplitude_matched_3x3/checkpoint_1750/seed_2026074102/amplitude_matched_counterfactual.csv
amplitude_matched_frozen,2026074102,1750,210,2.1,19.599999999999937,0.0560376644953325,0.012176513671875,0.0438910996250731,0.9654066816588744,0.5880063512626234,0.0972458274623937,0.0436026099582941,0.0316259188123673,0.1238971222163092,1750,phase_ensemble_v1/summaries/dynamic_recovery/amplitude_matched_3x3/checkpoint_1750/seed_2026074102/amplitude_matched_counterfactual.csv
natural_reference,2026074102,1750,220,2.2,19.699999999999932,0.8311970770356295,0.52044677734375,0.5476681813537188,0.9529669396329296,0.5620089250169771,0.1061177966973348,1.0,1.0,1.0,1750,phase_ensemble_v1/summaries/dynamic_recovery/amplitude_matched_3x3/checkpoint_1750/seed_2026074102/amplitude_matched_counterfactual.csv
nonlinear_recovery,2026074102,1750,220,2.2,19.699999999999932,0.8797434159896925,0.6247787475585938,0.5661415162520584,0.9650707183825292,0.5882656726717989,0.0975521944540474,0.940332782099404,0.8025185206579346,0.968101025768488,1750,phase_ensemble_v1/summaries/dynamic_recovery/amplitude_matched_3x3/checkpoint_1750/seed_2026074102/amplitude_matched_counterfactual.csv
amplitude_matched_frozen,2026074102,1750,220,2.2,19.699999999999932,0.0538725208912152,0.0113296508789062,0.0425688522030037,0.9648840072936906,0.5882656726717987,0.0975521944540474,0.0446077980289993,0.0363337039871763,0.1278158181184269,1750,phase_ensemble_v1/summaries/dynamic_recovery/amplitude_matched_3x3/checkpoint_1750/seed_2026074102/amplitude_matched_counterfactual.csv
natural_reference,2026074102,1750,230,2.3000000000000003,19.799999999999937,0.8287206300017916,0.5170745849609375,0.5453223153102547,0.9523747614271464,0.5614071135044635,0.1059191444189778,1.0,1.0,1.0,1750,phase_ensemble_v1/summaries/dynamic_recovery/amplitude_matched_3x3/checkpoint_1750/seed_2026074102/amplitude_matched_counterfactual.csv
nonlinear_recovery,2026074102,1750,230,2.3000000000000003,19.799999999999937,0.8819168271841856,0.6230850219726562,0.574555097400834,0.964321807995604,0.5884985955989558,0.0977758471761972,0.9346177454953208,0.7993414877178795,0.9495220669275796,1750,phase_ensemble_v1/summaries/dynamic_recovery/amplitude_matched_3x3/checkpoint_1750/seed_2026074102/amplitude_matched_counterfactual.csv
amplitude_matched_frozen,2026074102,1750,230,2.3000000000000003,19.799999999999937,0.049973031495158,0.0090408325195312,0.0409507004123188,0.9644870706434532,0.5884985955989561,0.0977758471761972,0.0428587685339293,0.0383843343393938,0.1290724043452804,1750,phase_ensemble_v1/summaries/dynamic_recovery/amplitude_matched_3x3/checkpoint_1750/seed_2026074102/amplitude_matched_counterfactual.csv
natural_reference,2026074102,1750,240,2.4,19.89999999999993,0.8269197678699745,0.5172119140625,0.5411566199957046,0.95205487870132,0.5608247353123178,0.1057299528653736,1.0,1.0,1.0,1750,phase_ensemble_v1/summaries/dynamic_recovery/amplitude_matched_3x3/checkpoint_1750/seed_2026074102/amplitude_matched_counterfactual.csv
nonlinear_recovery,2026074102,1750,240,2.4,19.89999999999993,0.882971866082817,0.6188812255859375,0.5822806381014213,0.9634672724645436,0.5887126607303421,0.097932350100918,0.931107621503323,0.8075584501855676,0.9289887829636873,1750,phase_ensemble_v1/summaries/dynamic_recovery/amplitude_matched_3x3/checkpoint_1750/seed_2026074102/amplitude_matched_counterfactual.csv
amplitude_matched_frozen,2026074102,1750,240,2.4,19.89999999999993,0.0457281700251089,0.0084686279296875,0.0372739766239404,0.9639986217255824,0.5887126607303418,0.097932350100918,0.0398549036863413,0.0370413158692795,0.1299167397183532,1750,phase_ensemble_v1/summaries/dynamic_recovery/amplitude_matched_3x3/checkpoint_1750/seed_2026074102/amplitude_matched_counterfactual.csv
natural_reference,2026074102,1750,250,2.5,19.999999999999936,0.8260019158661493,0.5184173583984375,0.5379362434551374,0.9517890374214896,0.5602605314641725,0.1055570796357707,1.0,1.0,1.0,1750,phase_ensemble_v1/summaries/dynamic_recovery/amplitude_matched_3x3/checkpoint_1750/seed_2026074102/amplitude_matched_counterfactual.csv
nonlinear_recovery,2026074102,1750,250,2.5,19.999999999999936,0.8834333049917777,0.6137847900390625,0.5890582248795739,0.9624227637440322,0.5889136885350346,0.0980393548524806,0.9294123659348366,0.8194867647695929,0.9117247223040108,1750,phase_ensemble_v1/summaries/dynamic_recovery/amplitude_matched_3x3/checkpoint_1750/seed_2026074102/amplitude_matched_counterfactual.csv
amplitude_matched_frozen,2026074102,1750,250,2.5,19.999999999999936,0.0412679675932301,0.0052108764648437,0.0360648465952649,0.9633838063610434,0.5889136885350341,0.0980393548524806,0.0355010801143734,0.0285932964604964,0.1333896752229125,1750,phase_ensemble_v1/summaries/dynamic_recovery/amplitude_matched_3x3/checkpoint_1750/seed_2026074102/amplitude_matched_counterfactual.csv
natural_reference,2026074102,1750,260,2.6,20.099999999999937,0.8259146606294534,0.52008056640625,0.5361204197624206,0.9512994167332516,0.5597124319502149,0.1054092071831064,1.0,1.0,1.0,1750,phase_ensemble_v1/summaries/dynamic_recovery/amplitude_matched_3x3/checkpoint_1750/seed_2026074102/amplitude_matched_counterfactual.csv
nonlinear_recovery,2026074102,1750,260,2.6,20.099999999999937,0.8838715305829309,0.6098556518554688,0.5944384347699089,0.9612685972401874,0.589105895333941,0.098110540571,0.928766509218689,0.8300720608835039,0.89929891553452,1750,phase_ensemble_v1/summaries/dynamic_recovery/amplitude_matched_3x3/checkpoint_1750/seed_2026074102/amplitude_matched_counterfactual.csv
amplitude_matched_frozen,2026074102,1750,260,2.6,20.099999999999937,0.0374372548573801,0.0026168823242187,0.0348237841806606,0.9627335076693816,0.5891058953339412,0.098110540571,0.0309000803455751,0.0205351856398111,0.1343821487151474,1750,phase_ensemble_v1/summaries/dynamic_recovery/amplitude_matched_3x3/checkpoint_1750/seed_2026074102/amplitude_matched_counterfactual.csv
natural_reference,2026074102,1750,270,2.7,20.199999999999932,0.826288047882346,0.5244293212890625,0.5326884363168483,0.9503355123781334,0.5591776105439088,0.1052919317357854,1.0,1.0,1.0,1750,phase_ensemble_v1/summaries/dynamic_recovery/amplitude_matched_3x3/checkpoint_1750/seed_2026074102/amplitude_matched_counterfactual.csv
nonlinear_recovery,2026074102,1750,270,2.7,20.199999999999932,0.8842521360894854,0.6070404052734375,0.5984409154989152,0.9601573266652422,0.5892924501169681,0.0981530631671627,0.9287576374247828,0.8436322151140121,0.8864613968929184,1750,phase_ensemble_v1/summaries/dynamic_recovery/amplitude_matched_3x3/checkpoint_1750/seed_2026074102/amplitude_matched_counterfactual.csv
amplitude_matched_frozen,2026074102,1750,270,2.7,20.199999999999932,0.0350880211382885,0.0003433227539062,0.0347451169419911,0.9620012499266382,0.589292450116968,0.0981530631671627,0.0275537678883198,0.0080003465854116,0.1401725134686018,1750,phase_ensemble_v1/summaries/dynamic_recovery/amplitude_matched_3x3/checkpoint_1750/seed_2026074102/amplitude_matched_counterfactual.csv
natural_reference,2026074102,1750,280,2.8000000000000003,20.299999999999937,0.8267170986813713,0.528411865234375,0.5297056025666195,0.94874880918551,0.5586530058740002,0.1052039928435527,1.0,1.0,1.0,1750,phase_ensemble_v1/summaries/dynamic_recovery/amplitude_matched_3x3/checkpoint_1750/seed_2026074102/amplitude_matched_counterfactual.csv
nonlinear_recovery,2026074102,1750,280,2.8000000000000003,20.299999999999937,0.8840537635520377,0.604217529296875,0.6007142007560643,0.9591835848096312,0.5894761075066602,0.0981684380643534,0.929528789395041,0.856513639580054,0.8773853526541936,1750,phase_ensemble_v1/summaries/dynamic_recovery/amplitude_matched_3x3/checkpoint_1750/seed_2026074102/amplitude_matched_counterfactual.csv
amplitude_matched_frozen,2026074102,1750,280,2.8000000000000003,20.299999999999937,0.0330629964822743,-0.0038909912109375,0.0369492342544522,0.960991817201765,0.5894761075066601,0.0981684380643534,0.0245375187112419,-0.0075526737620401,0.1491291214226821,1750,phase_ensemble_v1/summaries/dynamic_recovery/amplitude_matched_3x3/checkpoint_1750/seed_2026074102/amplitude_matched_counterfactual.csv
natural_reference,2026074102,1750,290,2.9,20.39999999999993,0.8272379179724627,0.531890869140625,0.5274057223385519,0.946524766293763,0.5581360607149862,0.1051367324543491,1.0,1.0,1.0,1750,phase_ensemble_v1/summaries/dynamic_recovery/amplitude_matched_3x3/checkpoint_1750/seed_2026074102/amplitude_matched_counterfactual.csv
nonlinear_recovery,2026074102,1750,290,2.9,20.39999999999993,0.8830965616608449,0.6005935668945312,0.6015592742867484,0.9583505304744376,0.589659621310007,0.0981558371707051,0.9313453921264744,0.8699582653400147,0.8719547793732029,1750,phase_ensemble_v1/summaries/dynamic_recovery/amplitude_matched_3x3/checkpoint_1750/seed_2026074102/amplitude_matched_counterfactual.csv
amplitude_matched_frozen,2026074102,1750,290,2.9,20.39999999999993,0.0288263569882251,-0.0085525512695312,0.0373696951743622,0.959667782981611,0.589659621310007,0.0981558371707051,0.0186902326727478,-0.0229612835213077,0.1538264915866398,1750,phase_ensemble_v1/summaries/dynamic_recovery/amplitude_matched_3x3/checkpoint_1750/seed_2026074102/amplitude_matched_counterfactual.csv
natural_reference,2026074102,1750,300,3.0,20.499999999999936,0.8280870862666923,0.5369338989257812,0.5242489753833228,0.9437454882131092,0.5576253786130236,0.1050760596424566,1.0,1.0,1.0,1750,phase_ensemble_v1/summaries/dynamic_recovery/amplitude_matched_3x3/checkpoint_1750/seed_2026074102/amplitude_matched_counterfactual.csv
nonlinear_recovery,2026074102,1750,300,3.0,20.499999999999936,0.8815416955267675,0.597198486328125,0.6004570401719814,0.957592037253421,0.5898457822733729,0.098115863935561,0.9343001369983804,0.8859300763932012,0.8684071334004067,1750,phase_ensemble_v1/summaries/dynamic_recovery/amplitude_matched_3x3/checkpoint_1750/seed_2026074102/amplitude_matched_counterfactual.csv
amplitude_matched_frozen,2026074102,1750,300,3.0,20.499999999999936,0.0213917171927342,-0.014251708984375,0.0356325629300961,0.9583661298210596,0.5898457822733731,0.098115863935561,0.0085087896847653,-0.0432942943376608,0.1562778222929193,1750,phase_ensemble_v1/summaries/dynamic_recovery/amplitude_matched_3x3/checkpoint_1750/seed_2026074102/amplitude_matched_counterfactual.csv
natural_reference,2026074103,1750,0,0.0,17.499999999999936,0.8699436362110144,0.5532913208007812,0.6105109169656328,0.9601377679471532,0.574698858445592,0.1025597727375496,1.0,1.0,1.0,1750,phase_ensemble_v1/summaries/dynamic_recovery/amplitude_matched_3x3/checkpoint_1750/seed_2026074103/amplitude_matched_counterfactual.csv
nonlinear_recovery,2026074103,1750,0,0.0,17.499999999999936,0.0498304672481152,0.01361083984375,0.0362442094779866,0.9616240668109068,0.574698858445592,0.1025597727375496,0.0,0.0,0.0,1750,phase_ensemble_v1/summaries/dynamic_recovery/amplitude_matched_3x3/checkpoint_1750/seed_2026074103/amplitude_matched_counterfactual.csv
amplitude_matched_frozen,2026074103,1750,0,0.0,17.499999999999936,0.049830467248115,0.01361083984375,0.0362442094779864,0.961624066810907,0.574698858445592,0.1025597727375496,-2.220446049250313e-16,0.0,-4.440892098500626e-16,1750,phase_ensemble_v1/summaries/dynamic_recovery/amplitude_matched_3x3/checkpoint_1750/seed_2026074103/amplitude_matched_counterfactual.csv
natural_reference,2026074103,1750,10,0.1,17.599999999999937,0.8708595782075431,0.5536956787109375,0.612511588142537,0.9586110118972884,0.5744189112480855,0.1030285263885854,1.0,1.0,1.0,1750,phase_ensemble_v1/summaries/dynamic_recovery/amplitude_matched_3x3/checkpoint_1750/seed_2026074103/amplitude_matched_counterfactual.csv
nonlinear_recovery,2026074103,1750,10,0.1,17.599999999999937,0.3036033720485679,0.138519287109375,0.1723314716514063,0.968134990883072,0.5747609106094438,0.0967689243942113,0.3083195982862737,0.2306996338549839,0.233491841418301,1750,phase_ensemble_v1/summaries/dynamic_recovery/amplitude_matched_3x3/checkpoint_1750/seed_2026074103/amplitude_matched_counterfactual.csv
amplitude_matched_frozen,2026074103,1750,10,0.1,17.599999999999937,0.1266423212389202,0.0546340942382812,0.0725099223202603,0.9658734652983088,0.5747609106094439,0.0967689243942113,0.0925432182612711,0.0752647129507895,0.0596674702165396,1750,phase_ensemble_v1/summaries/dynamic_recovery/amplitude_matched_3x3/checkpoint_1750/seed_2026074103/amplitude_matched_counterfactual.csv
natural_reference,2026074103,1750,20,0.2,17.699999999999935,0.872919614818557,0.5578994750976562,0.6140760161822721,0.9579318132001076,0.5740951431004859,0.1034358548549289,1.0,1.0,1.0,1750,phase_ensemble_v1/summaries/dynamic_recovery/amplitude_matched_3x3/checkpoint_1750/seed_2026074103/amplitude_matched_counterfactual.csv
nonlinear_recovery,2026074103,1750,20,0.2,17.699999999999935,0.5007768904801264,0.2473220825195312,0.2892834889855386,0.9720312129269,0.575255747770615,0.0936753423075195,0.5462300345584796,0.4245161655145115,0.4344221544416787,1750,phase_ensemble_v1/summaries/dynamic_recovery/amplitude_matched_3x3/checkpoint_1750/seed_2026074103/amplitude_matched_counterfactual.csv
amplitude_matched_frozen,2026074103,1750,20,0.2,17.699999999999935,0.1837916943693285,0.08294677734375,0.1024060905800875,0.9680652991700216,0.575255747770615,0.0936753423075195,0.1597160653807235,0.1199372322829636,0.1090029790501273,1750,phase_ensemble_v1/summaries/dynamic_recovery/amplitude_matched_3x3/checkpoint_1750/seed_2026074103/amplitude_matched_counterfactual.csv
natural_reference,2026074103,1750,30,0.3,17.799999999999937,0.8759149216938054,0.5618209838867188,0.6184258785421621,0.9578820914489344,0.5737335621597124,0.1037869822341482,1.0,1.0,1.0,1750,phase_ensemble_v1/summaries/dynamic_recovery/amplitude_matched_3x3/checkpoint_1750/seed_2026074103/amplitude_matched_counterfactual.csv
nonlinear_recovery,2026074103,1750,30,0.3,17.799999999999937,0.6373592865384723,0.335235595703125,0.3842177833453672,0.9737680020731332,0.5759705340520598,0.0922425198711218,0.7091186385203321,0.5801490026435954,0.5921614606191787,1750,phase_ensemble_v1/summaries/dynamic_recovery/amplitude_matched_3x3/checkpoint_1750/seed_2026074103/amplitude_matched_counterfactual.csv
amplitude_matched_frozen,2026074103,1750,30,0.3,17.799999999999937,0.2133920271322857,0.1009445190429687,0.1149230371389859,0.969150205662718,0.5759705340520602,0.0922425198711218,0.1921567417343944,0.1460197633487425,0.12322474063324,1750,phase_ensemble_v1/summaries/dynamic_recovery/amplitude_matched_3x3/checkpoint_1750/seed_2026074103/amplitude_matched_counterfactual.csv
natural_reference,2026074103,1750,40,0.4,17.899999999999935,0.8792340235603993,0.5674819946289062,0.6221967943191954,0.9581755493926936,0.5733388721000134,0.1041026974867974,1.0,1.0,1.0,1750,phase_ensemble_v1/summaries/dynamic_recovery/amplitude_matched_3x3/checkpoint_1750/seed_2026074103/amplitude_matched_counterfactual.csv
nonlinear_recovery,2026074103,1750,40,0.4,17.899999999999935,0.7274028386024799,0.4043807983398437,0.4576340671234277,0.9739223002571163,0.5767722403362243,0.0918565403423342,0.8148655689190768,0.6977819245939183,0.7134385033119688,1750,phase_ensemble_v1/summaries/dynamic_recovery/amplitude_matched_3x3/checkpoint_1750/seed_2026074103/amplitude_matched_counterfactual.csv
amplitude_matched_frozen,2026074103,1750,40,0.4,17.899999999999935,0.217255027462328,0.1037368774414062,0.1161355382410617,0.9695740705836392,0.5767722403362243,0.0918565403423342,0.1928199410147281,0.140704299023142,0.1187696422589145,1750,phase_ensemble_v1/summaries/dynamic_recovery/amplitude_matched_3x3/checkpoint_1750/seed_2026074103/amplitude_matched_counterfactual.csv
natural_reference,2026074103,1750,50,0.5,17.999999999999936,0.8819833432218848,0.5704421997070312,0.6269953883373672,0.9585372347268604,0.5729130838944401,0.1044145507644292,1.0,1.0,1.0,1750,phase_ensemble_v1/summaries/dynamic_recovery/amplitude_matched_3x3/checkpoint_1750/seed_2026074103/amplitude_matched_counterfactual.csv
nonlinear_recovery,2026074103,1750,50,0.5,17.999999999999936,0.7860081216100242,0.46014404296875,0.5105002570947594,0.9730767094078376,0.5775774357130264,0.0921191961401211,0.8829731977926545,0.7956232240553034,0.7971410675150206,1750,phase_ensemble_v1/summaries/dynamic_recovery/amplitude_matched_3x3/checkpoint_1750/seed_2026074103/amplitude_matched_counterfactual.csv
amplitude_matched_frozen,2026074103,1750,50,0.5,17.999999999999936,0.1976498261978247,0.0972213745117187,0.1023960728917834,0.9694721037390516,0.5775774357130262,0.0921191961401211,0.1655620920104766,0.1231463025008128,0.0864883709859338,1750,phase_ensemble_v1/summaries/dynamic_recovery/amplitude_matched_3x3/checkpoint_1750/seed_2026074103/amplitude_matched_counterfactual.csv
natural_reference,2026074103,1750,60,0.6,18.099999999999937,0.8834474316746816,0.572479248046875,0.6291786175469591,0.9587959415783552,0.5724549979657834,0.104752844575301,1.0,1.0,1.0,1750,phase_ensemble_v1/summaries/dynamic_recovery/amplitude_matched_3x3/checkpoint_1750/seed_2026074103/amplitude_matched_counterfactual.csv
nonlinear_recovery,2026074103,1750,60,0.6,18.099999999999937,0.8243465808343499,0.5046234130859375,0.5474567274057858,0.9719304613236364,0.5783355810431956,0.0927604881101847,0.9279357373140712,0.8742666497024189,0.8576934914115121,1750,phase_ensemble_v1/summaries/dynamic_recovery/amplitude_matched_3x3/checkpoint_1750/seed_2026074103/amplitude_matched_counterfactual.csv
amplitude_matched_frozen,2026074103,1750,60,0.6,18.099999999999937,0.1665699600025103,0.0855331420898437,0.08220805681927,0.969436654218599,0.5783355810431952,0.0927604881101847,0.1258798190270227,0.0977140676025276,0.0475321769555031,1750,phase_ensemble_v1/summaries/dynamic_recovery/amplitude_matched_3x3/checkpoint_1750/seed_2026074103/amplitude_matched_counterfactual.csv
natural_reference,2026074103,1750,70,0.7000000000000001,18.199999999999932,0.8836214954570131,0.573272705078125,0.6289444066959287,0.9589839850930486,0.5719610268423991,0.1051330429970961,1.0,1.0,1.0,1750,phase_ensemble_v1/summaries/dynamic_recovery/amplitude_matched_3x3/checkpoint_1750/seed_2026074103/amplitude_matched_counterfactual.csv
nonlinear_recovery,2026074103,1750,70,0.7000000000000001,18.199999999999932,0.8493288006689645,0.5376205444335938,0.5736433303715064,0.9710003019068354,0.5790188505376859,0.0935903561044556,0.9581854113726592,0.9339383915065664,0.90370140632676,1750,phase_ensemble_v1/summaries/dynamic_recovery/amplitude_matched_3x3/checkpoint_1750/seed_2026074103/amplitude_matched_counterfactual.csv
amplitude_matched_frozen,2026074103,1750,70,0.7000000000000001,18.199999999999932,0.1398224184554602,0.0736541748046875,0.0668567684044772,0.9697790296426174,0.5790188505376856,0.0935903561044556,0.0930531234583781,0.0742327212067235,0.0212080363311965,1750,phase_ensemble_v1/summaries/dynamic_recovery/amplitude_matched_3x3/checkpoint_1750/seed_2026074103/amplitude_matched_counterfactual.csv
natural_reference,2026074103,1750,80,0.8,18.299999999999937,0.8822698546869754,0.5753250122070312,0.6233545950583436,0.9592930654869952,0.5714271397427889,0.1055480896364074,1.0,1.0,1.0,1750,phase_ensemble_v1/summaries/dynamic_recovery/amplitude_matched_3x3/checkpoint_1750/seed_2026074103/amplitude_matched_counterfactual.csv
nonlinear_recovery,2026074103,1750,80,0.8,18.299999999999937,0.865826686846066,0.5607757568359375,0.592947434877034,0.9703112874695318,0.5796154695752367,0.0944758388942655,0.979950123393698,0.9730409827954252,0.9470504561994592,1750,phase_ensemble_v1/summaries/dynamic_recovery/amplitude_matched_3x3/checkpoint_1750/seed_2026074103/amplitude_matched_counterfactual.csv
amplitude_matched_frozen,2026074103,1750,80,0.8,18.299999999999937,0.1246935951363046,0.0658035278320312,0.0593772743745956,0.9703275188509894,0.5796154695752367,0.0944758388942655,0.0762539997879945,0.0558830597848367,0.0179174356962343,1750,phase_ensemble_v1/summaries/dynamic_recovery/amplitude_matched_3x3/checkpoint_1750/seed_2026074103/amplitude_matched_counterfactual.csv
natural_reference,2026074103,1750,90,0.9,18.39999999999993,0.8795971691664934,0.5747299194335938,0.616554592283382,0.9598972261858412,0.5708510712893844,0.1059710049067424,1.0,1.0,1.0,1750,phase_ensemble_v1/summaries/dynamic_recovery/amplitude_matched_3x3/checkpoint_1750/seed_2026074103/amplitude_matched_counterfactual.csv
nonlinear_recovery,2026074103,1750,90,0.9,18.39999999999993,0.8764915311361495,0.5753173828125,0.607525401819082,0.9696628324136164,0.5801243972060302,0.0953347908344399,0.9962131591737866,0.9989114607631084,0.9842770086676246,1750,phase_ensemble_v1/summaries/dynamic_recovery/amplitude_matched_3x3/checkpoint_1750/seed_2026074103/amplitude_matched_counterfactual.csv
amplitude_matched_frozen,2026074103,1750,90,0.9,18.39999999999993,0.1151332553142264,0.0593185424804687,0.0561985227181774,0.9705974964592162,0.5801243972060298,0.09533479083444,0.0678555804450807,0.0449693936695081,0.0242233055496093,1750,phase_ensemble_v1/summaries/dynamic_recovery/amplitude_matched_3x3/checkpoint_1750/seed_2026074103/amplitude_matched_counterfactual.csv
natural_reference,2026074103,1750,100,1.0,18.499999999999936,0.8756053809805747,0.5713272094726562,0.6088695198206517,0.9608082958159424,0.5702338204881109,0.1063656586692218,1.0,1.0,1.0,1750,phase_ensemble_v1/summaries/dynamic_recovery/amplitude_matched_3x3/checkpoint_1750/seed_2026074103/amplitude_matched_counterfactual.csv
nonlinear_recovery,2026074103,1750,100,1.0,18.499999999999936,0.8834335221467245,0.5868301391601562,0.6159033165305186,0.9688846449705208,0.580550408838375,0.0961318258200135,0.9904548037241626,0.9712738736446273,0.987751689906178,1750,phase_ensemble_v1/summaries/dynamic_recovery/amplitude_matched_3x3/checkpoint_1750/seed_2026074103/amplitude_matched_counterfactual.csv
amplitude_matched_frozen,2026074103,1750,100,1.0,18.499999999999936,0.1078582154787855,0.0525970458984375,0.055576456122537,0.97029286383625,0.5805504088383754,0.0961318258200135,0.0638521675335749,0.038819853824731,0.0365224790433853,1750,phase_ensemble_v1/summaries/dynamic_recovery/amplitude_matched_3x3/checkpoint_1750/seed_2026074103/amplitude_matched_counterfactual.csv
natural_reference,2026074103,1750,110,1.1,18.599999999999937,0.8706115391318684,0.5691909790039062,0.5975163346662592,0.96187478046708,0.569579913085362,0.106699616643629,1.0,1.0,1.0,1750,phase_ensemble_v1/summaries/dynamic_recovery/amplitude_matched_3x3/checkpoint_1750/seed_2026074103/amplitude_matched_counterfactual.csv
nonlinear_recovery,2026074103,1750,110,1.1,18.599999999999937,0.8881209986127009,0.598052978515625,0.6186710933735107,0.9677810619585052,0.5808999743544485,0.096865328725975,0.978649947173785,0.9465202086602486,0.963162136283677,1750,phase_ensemble_v1/summaries/dynamic_recovery/amplitude_matched_3x3/checkpoint_1750/seed_2026074103/amplitude_matched_counterfactual.csv
amplitude_matched_frozen,2026074103,1750,110,1.1,18.599999999999937,0.1048916837470099,0.0480194091796875,0.0571601810640211,0.969497007130767,0.580899974354448,0.096865328725975,0.0663241557830678,0.0342960543986881,0.0590501825079899,1750,phase_ensemble_v1/summaries/dynamic_recovery/amplitude_matched_3x3/checkpoint_1750/seed_2026074103/amplitude_matched_counterfactual.csv
natural_reference,2026074103,1750,120,1.2,18.699999999999932,0.8650313876194766,0.5621566772460938,0.589575215423652,0.962855340291874,0.5688965331186737,0.1069530928231286,1.0,1.0,1.0,1750,phase_ensemble_v1/summaries/dynamic_recovery/amplitude_matched_3x3/checkpoint_1750/seed_2026074103/amplitude_matched_counterfactual.csv
nonlinear_recovery,2026074103,1750,120,1.2,18.699999999999932,0.8913307304993482,0.607086181640625,0.6194237823342928,0.9661848468546714,0.5811788889800265,0.0975471286171999,0.9679320563610396,0.9167479536876034,0.9480231632419976,1750,phase_ensemble_v1/summaries/dynamic_recovery/amplitude_matched_3x3/checkpoint_1750/seed_2026074103/amplitude_matched_counterfactual.csv
amplitude_matched_frozen,2026074103,1750,120,1.2,18.699999999999932,0.1050212177876507,0.0429000854492187,0.0624022807734174,0.9684377417207244,0.5811788889800265,0.0975471286171998,0.0732862261035004,0.0378444095734905,0.0820067961861165,1750,phase_ensemble_v1/summaries/dynamic_recovery/amplitude_matched_3x3/checkpoint_1750/seed_2026074103/amplitude_matched_counterfactual.csv
natural_reference,2026074103,1750,130,1.3,18.799999999999937,0.8597432700400937,0.5567092895507812,0.5812230750417368,0.9634768172407936,0.5681920997684113,0.1071208857244934,1.0,1.0,1.0,1750,phase_ensemble_v1/summaries/dynamic_recovery/amplitude_matched_3x3/checkpoint_1750/seed_2026074103/amplitude_matched_counterfactual.csv
nonlinear_recovery,2026074103,1750,130,1.3,18.799999999999937,0.8939146935103892,0.61578369140625,0.6186987147942373,0.9641109642053872,0.5813917361434733,0.0981882266643778,0.958333282815702,0.890538190762967,0.934741751064671,1750,phase_ensemble_v1/summaries/dynamic_recovery/amplitude_matched_3x3/checkpoint_1750/seed_2026074103/amplitude_matched_counterfactual.csv
amplitude_matched_frozen,2026074103,1750,130,1.3,18.799999999999937,0.1083080358303184,0.0416336059570312,0.0669764436755794,0.9672947643436156,0.5813917361434731,0.0981882266643778,0.0837420216529054,0.045591416090589,0.1045160294666395,1750,phase_ensemble_v1/summaries/dynamic_recovery/amplitude_matched_3x3/checkpoint_1750/seed_2026074103/amplitude_matched_counterfactual.csv
natural_reference,2026074103,1750,140,1.4,18.89999999999993,0.8552166962435706,0.5503921508789062,0.5759062341192113,0.9635191514868728,0.5674749861570454,0.1072080614722306,1.0,1.0,1.0,1750,phase_ensemble_v1/summaries/dynamic_recovery/amplitude_matched_3x3/checkpoint_1750/seed_2026074103/amplitude_matched_counterfactual.csv
nonlinear_recovery,2026074103,1750,140,1.4,18.89999999999993,0.896330453683629,0.624114990234375,0.6178476253691759,0.9616847835100972,0.5815422640842842,0.0987938854133133,0.9498681901522807,0.8633953942067094,0.9269653094927728,1750,phase_ensemble_v1/summaries/dynamic_recovery/amplitude_matched_3x3/checkpoint_1750/seed_2026074103/amplitude_matched_counterfactual.csv
amplitude_matched_frozen,2026074103,1750,140,1.4,18.89999999999993,0.1137235164173166,0.0424957275390625,0.0715736875880898,0.9658251633910956,0.5815422640842843,0.0987938854133133,0.0958648051415475,0.0588942137777965,0.1217799326422367,1750,phase_ensemble_v1/summaries/dynamic_recovery/amplitude_matched_3x3/checkpoint_1750/seed_2026074103/amplitude_matched_counterfactual.csv
natural_reference,2026074103,1750,150,1.5,18.999999999999936,0.8511872183895896,0.544281005859375,0.5718234682701442,0.9629280755410248,0.5667528200780048,0.107223445322122,1.0,1.0,1.0,1750,phase_ensemble_v1/summaries/dynamic_recovery/amplitude_matched_3x3/checkpoint_1750/seed_2026074103/amplitude_matched_counterfactual.csv
nonlinear_recovery,2026074103,1750,150,1.5,18.999999999999936,0.8985602139721963,0.6341781616210938,0.6146236687462647,0.9590206805764404,0.5816340793331851,0.0993614315258559,0.9422360262273146,0.8334252230091748,0.9254698210464494,1750,phase_ensemble_v1/summaries/dynamic_recovery/amplitude_matched_3x3/checkpoint_1750/seed_2026074103/amplitude_matched_counterfactual.csv
amplitude_matched_frozen,2026074103,1750,150,1.5,18.999999999999936,0.1178424826414921,0.0431365966796875,0.0750875804349083,0.9643183759601598,0.5816340793331851,0.0993614315258559,0.105800560823243,0.0714053465654466,0.1350083831110445,1750,phase_ensemble_v1/summaries/dynamic_recovery/amplitude_matched_3x3/checkpoint_1750/seed_2026074103/amplitude_matched_counterfactual.csv
natural_reference,2026074103,1750,160,1.6,19.099999999999937,0.8480077538195866,0.5392379760742188,0.568928049967746,0.9618201372803236,0.5660323591768341,0.1071752020048576,1.0,1.0,1.0,1750,phase_ensemble_v1/summaries/dynamic_recovery/amplitude_matched_3x3/checkpoint_1750/seed_2026074103/amplitude_matched_counterfactual.csv
nonlinear_recovery,2026074103,1750,160,1.6,19.099999999999937,0.9008914323877556,0.6422958374023438,0.6137148019387224,0.9563060293771978,0.5816714388152107,0.0998811534317228,0.935516608476066,0.8090391167281621,0.9220105372869106,1750,phase_ensemble_v1/summaries/dynamic_recovery/amplitude_matched_3x3/checkpoint_1750/seed_2026074103/amplitude_matched_counterfactual.csv
amplitude_matched_frozen,2026074103,1750,160,1.6,19.099999999999937,0.1215661883157615,0.0428543090820312,0.0791240868465427,0.9631220720254272,0.5816714388152108,0.0998811534317228,0.114217899436403,0.0802267554462303,0.1470792982862581,1750,phase_ensemble_v1/summaries/dynamic_recovery/amplitude_matched_3x3/checkpoint_1750/seed_2026074103/amplitude_matched_counterfactual.csv
natural_reference,2026074103,1750,170,1.7,19.199999999999932,0.8455729987448167,0.5341644287109375,0.5679270143573207,0.9603559667203384,0.5653196052864138,0.1070705924875947,1.0,1.0,1.0,1750,phase_ensemble_v1/summaries/dynamic_recovery/amplitude_matched_3x3/checkpoint_1750/seed_2026074103/amplitude_matched_counterfactual.csv
nonlinear_recovery,2026074103,1750,170,1.7,19.199999999999932,0.903364083885308,0.6490478515625,0.6147752836013449,0.9538359275915416,0.5816596895843511,0.1003421301836468,0.929532792146756,0.7871269632582665,0.9184207117821958,1750,phase_ensemble_v1/summaries/dynamic_recovery/amplitude_matched_3x3/checkpoint_1750/seed_2026074103/amplitude_matched_counterfactual.csv
amplitude_matched_frozen,2026074103,1750,170,1.7,19.199999999999932,0.1254491619871773,0.0438308715820312,0.0820695536299361,0.9622204394869552,0.5816596895843515,0.1003421301836468,0.1219213835228429,0.091437295898893,0.1539515448266926,1750,phase_ensemble_v1/summaries/dynamic_recovery/amplitude_matched_3x3/checkpoint_1750/seed_2026074103/amplitude_matched_counterfactual.csv
natural_reference,2026074103,1750,180,1.8,19.299999999999937,0.8431684437401538,0.5303802490234375,0.5658251302468104,0.958670047756238,0.5646197613058881,0.106918896886586,1.0,1.0,1.0,1750,phase_ensemble_v1/summaries/dynamic_recovery/amplitude_matched_3x3/checkpoint_1750/seed_2026074103/amplitude_matched_counterfactual.csv
nonlinear_recovery,2026074103,1750,180,1.8,19.299999999999937,0.9058416646984264,0.6553268432617188,0.6164581805905488,0.9518413049407388,0.581605072779908,0.1007380764764586,0.9235797895581556,0.7684804274990458,0.911830078805626,1750,phase_ensemble_v1/summaries/dynamic_recovery/amplitude_matched_3x3/checkpoint_1750/seed_2026074103/amplitude_matched_counterfactual.csv
amplitude_matched_frozen,2026074103,1750,180,1.8,19.299999999999937,0.1280496558697954,0.0434646606445312,0.0850583992152034,0.961460835383546,0.581605072779908,0.1007380764764586,0.1280242594144841,0.0977706150953532,0.1628162929122103,1750,phase_ensemble_v1/summaries/dynamic_recovery/amplitude_matched_3x3/checkpoint_1750/seed_2026074103/amplitude_matched_counterfactual.csv
natural_reference,2026074103,1750,190,1.9,19.39999999999993,0.840379948517173,0.5289840698242188,0.560616682367059,0.9569168784981388,0.5639368976885782,0.1067335506474751,1.0,1.0,1.0,1750,phase_ensemble_v1/summaries/dynamic_recovery/amplitude_matched_3x3/checkpoint_1750/seed_2026074103/amplitude_matched_counterfactual.csv
nonlinear_recovery,2026074103,1750,190,1.9,19.39999999999993,0.9083870309134,0.6599502563476562,0.6203014458292675,0.9503746298954991,0.5815141301913982,0.1010692628664438,0.917075978084552,0.7573264345392086,0.8960678676231767,1750,phase_ensemble_v1/summaries/dynamic_recovery/amplitude_matched_3x3/checkpoint_1750/seed_2026074103/amplitude_matched_counterfactual.csv
amplitude_matched_frozen,2026074103,1750,190,1.9,19.39999999999993,0.1264591547182866,0.0430526733398437,0.083863065846526,0.9608203690305428,0.581514130191398,0.1010692628664438,0.1294850261925458,0.0995942717389767,0.1698045345406184,1750,phase_ensemble_v1/summaries/dynamic_recovery/amplitude_matched_3x3/checkpoint_1750/seed_2026074103/amplitude_matched_counterfactual.csv
natural_reference,2026074103,1750,200,2.0,19.499999999999936,0.8373372489828389,0.5276718139648438,0.5547961646880171,0.9552850179845525,0.5632735923807108,0.106530320220999,1.0,1.0,1.0,1750,phase_ensemble_v1/summaries/dynamic_recovery/amplitude_matched_3x3/checkpoint_1750/seed_2026074103/amplitude_matched_counterfactual.csv
nonlinear_recovery,2026074103,1750,200,2.0,19.499999999999936,0.9102947027922385,0.6637115478515625,0.6229570521801298,0.9493752841701532,0.5813930909409879,0.1013412998409348,0.911039772838107,0.7479254138569631,0.8813079591705584,1750,phase_ensemble_v1/summaries/dynamic_recovery/amplitude_matched_3x3/checkpoint_1750/seed_2026074103/amplitude_matched_counterfactual.csv
amplitude_matched_frozen,2026074103,1750,200,2.0,19.499999999999936,0.1209444643538591,0.0397109985351562,0.0816254988416464,0.960434298346496,0.5813930909409878,0.1013412998409348,0.1264708192225256,0.0958338634660785,0.1760437098705574,1750,phase_ensemble_v1/summaries/dynamic_recovery/amplitude_matched_3x3/checkpoint_1750/seed_2026074103/amplitude_matched_counterfactual.csv
natural_reference,2026074103,1750,210,2.1,19.599999999999937,0.834180060024756,0.5237808227539062,0.551259824062269,0.9539378440537052,0.5626309262722741,0.1063225533332636,1.0,1.0,1.0,1750,phase_ensemble_v1/summaries/dynamic_recovery/amplitude_matched_3x3/checkpoint_1750/seed_2026074103/amplitude_matched_counterfactual.csv
nonlinear_recovery,2026074103,1750,210,2.1,19.599999999999937,0.910880006178619,0.6658248901367188,0.6227363632676464,0.9487760842142686,0.5812474749691277,0.1015621486357797,0.906476387580928,0.7367996946435387,0.8755342451975331,1750,phase_ensemble_v1/summaries/dynamic_recovery/amplitude_matched_3x3/checkpoint_1750/seed_2026074103/amplitude_matched_counterfactual.csv
amplitude_matched_frozen,2026074103,1750,210,2.1,19.599999999999937,0.1123758697772102,0.0365982055664062,0.0760906062460054,0.9605051177275392,0.5812474749691275,0.1015621486357797,0.1198724547243562,0.0972758245331297,0.1725635290698344,1750,phase_ensemble_v1/summaries/dynamic_recovery/amplitude_matched_3x3/checkpoint_1750/seed_2026074103/amplitude_matched_counterfactual.csv
natural_reference,2026074103,1750,220,2.2,19.699999999999932,0.8311970770356295,0.52044677734375,0.5476681813537188,0.9529669396329296,0.5620089250169771,0.1061177966973348,1.0,1.0,1.0,1750,phase_ensemble_v1/summaries/dynamic_recovery/amplitude_matched_3x3/checkpoint_1750/seed_2026074103/amplitude_matched_counterfactual.csv
nonlinear_recovery,2026074103,1750,220,2.2,19.699999999999932,0.9101926697659072,0.6676483154296875,0.6182444761906289,0.9485521446546512,0.5810820495461003,0.1017383240687129,0.9036772049031062,0.727243168356023,0.8771018867771845,1750,phase_ensemble_v1/summaries/dynamic_recovery/amplitude_matched_3x3/checkpoint_1750/seed_2026074103/amplitude_matched_counterfactual.csv
amplitude_matched_frozen,2026074103,1750,220,2.2,19.699999999999932,0.1017936976664393,0.034942626953125,0.0670897047141795,0.9609086770232824,0.5810820495461003,0.1017383240687129,0.1106064297302029,0.1003859366385342,0.1631441099171194,1750,phase_ensemble_v1/summaries/dynamic_recovery/amplitude_matched_3x3/checkpoint_1750/seed_2026074103/amplitude_matched_counterfactual.csv
natural_reference,2026074103,1750,230,2.3000000000000003,19.799999999999937,0.8287206300017916,0.5170745849609375,0.5453223153102547,0.9523747614271464,0.5614071135044635,0.1059191444189778,1.0,1.0,1.0,1750,phase_ensemble_v1/summaries/dynamic_recovery/amplitude_matched_3x3/checkpoint_1750/seed_2026074103/amplitude_matched_counterfactual.csv
nonlinear_recovery,2026074103,1750,230,2.3000000000000003,19.799999999999937,0.9090452191940902,0.667938232421875,0.6137943701017519,0.9487072906606634,0.5809010936348422,0.101873150592474,0.9020567011576271,0.7204574692169585,0.8807661076313218,1750,phase_ensemble_v1/summaries/dynamic_recovery/amplitude_matched_3x3/checkpoint_1750/seed_2026074103/amplitude_matched_counterfactual.csv
amplitude_matched_frozen,2026074103,1750,230,2.3000000000000003,19.799999999999937,0.0917641298906582,0.034027099609375,0.057917876951684,0.9614767717790031,0.5809010936348423,0.101873150592474,0.1013965779343895,0.10493800981099,0.1512577135266788,1750,phase_ensemble_v1/summaries/dynamic_recovery/amplitude_matched_3x3/checkpoint_1750/seed_2026074103/amplitude_matched_counterfactual.csv
natural_reference,2026074103,1750,240,2.4,19.89999999999993,0.8269197678699745,0.5172119140625,0.5411566199957046,0.95205487870132,0.5608247353123178,0.1057299528653736,1.0,1.0,1.0,1750,phase_ensemble_v1/summaries/dynamic_recovery/amplitude_matched_3x3/checkpoint_1750/seed_2026074103/amplitude_matched_counterfactual.csv
nonlinear_recovery,2026074103,1750,240,2.4,19.89999999999993,0.9079061094102836,0.6683120727539062,0.6092891054379801,0.9492178899521924,0.5807086161439908,0.1019694811446509,0.9012497974606078,0.7200192261475606,0.8813574171131257,1750,phase_ensemble_v1/summaries/dynamic_recovery/amplitude_matched_3x3/checkpoint_1750/seed_2026074103/amplitude_matched_counterfactual.csv
amplitude_matched_frozen,2026074103,1750,240,2.4,19.89999999999993,0.0851271644501561,0.0331878662109375,0.0520864523084486,0.9621578552212624,0.580708616143991,0.1019694811446509,0.0954997048055253,0.1031284900405727,0.1483570938199004,1750,phase_ensemble_v1/summaries/dynamic_recovery/amplitude_matched_3x3/checkpoint_1750/seed_2026074103/amplitude_matched_counterfactual.csv
natural_reference,2026074103,1750,250,2.5,19.999999999999936,0.8260019158661493,0.5184173583984375,0.5379362434551374,0.9517890374214896,0.5602605314641725,0.1055570796357707,1.0,1.0,1.0,1750,phase_ensemble_v1/summaries/dynamic_recovery/amplitude_matched_3x3/checkpoint_1750/seed_2026074103/amplitude_matched_counterfactual.csv
nonlinear_recovery,2026074103,1750,250,2.5,19.999999999999936,0.9072466666316896,0.6673431396484375,0.608035455276068,0.9499846039400288,0.5805081612871706,0.1020344238660555,0.9009347077449312,0.7240482350113802,0.8779326558427756,1750,phase_ensemble_v1/summaries/dynamic_recovery/amplitude_matched_3x3/checkpoint_1750/seed_2026074103/amplitude_matched_counterfactual.csv
amplitude_matched_frozen,2026074103,1750,250,2.5,19.999999999999936,0.0813801134013719,0.0319290161132812,0.0495799251186046,0.9626042584726752,0.5805081612871703,0.1020344238660555,0.092049938173273,0.0985622799949107,0.1496001562182873,1750,phase_ensemble_v1/summaries/dynamic_recovery/amplitude_matched_3x3/checkpoint_1750/seed_2026074103/amplitude_matched_counterfactual.csv
natural_reference,2026074103,1750,260,2.6,20.099999999999937,0.8259146606294534,0.52008056640625,0.5361204197624206,0.9512994167332516,0.5597124319502149,0.1054092071831064,1.0,1.0,1.0,1750,phase_ensemble_v1/summaries/dynamic_recovery/amplitude_matched_3x3/checkpoint_1750/seed_2026074103/amplitude_matched_counterfactual.csv
nonlinear_recovery,2026074103,1750,260,2.6,20.099999999999937,0.9066960644411256,0.6636276245117188,0.6102778335422782,0.950856874598271,0.5803022568493006,0.1020810910136934,0.9014996870324288,0.734014730621881,0.8708659011345302,1750,phase_ensemble_v1/summaries/dynamic_recovery/amplitude_matched_3x3/checkpoint_1750/seed_2026074103/amplitude_matched_counterfactual.csv
amplitude_matched_frozen,2026074103,1750,260,2.6,20.099999999999937,0.0782370800298002,0.0312957763671875,0.0470565210914799,0.9629027744661902,0.5803022568493005,0.1020810910136934,0.0883238937070682,0.094307081159789,0.1483680103787635,1750,phase_ensemble_v1/summaries/dynamic_recovery/amplitude_matched_3x3/checkpoint_1750/seed_2026074103/amplitude_matched_counterfactual.csv
natural_reference,2026074103,1750,270,2.7,20.199999999999932,0.826288047882346,0.5244293212890625,0.5326884363168483,0.9503355123781334,0.5591776105439088,0.1052919317357854,1.0,1.0,1.0,1750,phase_ensemble_v1/summaries/dynamic_recovery/amplitude_matched_3x3/checkpoint_1750/seed_2026074103/amplitude_matched_counterfactual.csv
nonlinear_recovery,2026074103,1750,270,2.7,20.199999999999932,0.9058760658117422,0.6604156494140625,0.6109852060633225,0.9517075928307202,0.5800919033469478,0.1021263837620769,0.9029548348430476,0.7480243719694077,0.8636578288004644,1750,phase_ensemble_v1/summaries/dynamic_recovery/amplitude_matched_3x3/checkpoint_1750/seed_2026074103/amplitude_matched_counterfactual.csv
amplitude_matched_frozen,2026074103,1750,270,2.7,20.199999999999932,0.0735324868917731,0.03082275390625,0.0428067533682514,0.9632492864101148,0.5800919033469482,0.1021263837620769,0.0821320892304481,0.0853725772933542,0.1469439607742968,1750,phase_ensemble_v1/summaries/dynamic_recovery/amplitude_matched_3x3/checkpoint_1750/seed_2026074103/amplitude_matched_counterfactual.csv
natural_reference,2026074103,1750,280,2.8000000000000003,20.299999999999937,0.8267170986813713,0.528411865234375,0.5297056025666195,0.94874880918551,0.5586530058740002,0.1052039928435527,1.0,1.0,1.0,1750,phase_ensemble_v1/summaries/dynamic_recovery/amplitude_matched_3x3/checkpoint_1750/seed_2026074103/amplitude_matched_counterfactual.csv
nonlinear_recovery,2026074103,1750,280,2.8000000000000003,20.299999999999937,0.9045393921093547,0.65887451171875,0.6080482007774741,0.9524806081597996,0.5798763433908198,0.1021881936357491,0.9051078602647046,0.75825946817083,0.8635780253506338,1750,phase_ensemble_v1/summaries/dynamic_recovery/amplitude_matched_3x3/checkpoint_1750/seed_2026074103/amplitude_matched_counterfactual.csv
amplitude_matched_frozen,2026074103,1750,280,2.8000000000000003,20.299999999999937,0.0662316351267155,0.0306472778320312,0.035656734022398,0.9634242501936564,0.57987634339082,0.1021881936357492,0.072706679595997,0.0776679813958748,0.1396874272833417,1750,phase_ensemble_v1/summaries/dynamic_recovery/amplitude_matched_3x3/checkpoint_1750/seed_2026074103/amplitude_matched_counterfactual.csv
natural_reference,2026074103,1750,290,2.9,20.39999999999993,0.8272379179724627,0.531890869140625,0.5274057223385519,0.946524766293763,0.5581360607149862,0.1051367324543491,1.0,1.0,1.0,1750,phase_ensemble_v1/summaries/dynamic_recovery/amplitude_matched_3x3/checkpoint_1750/seed_2026074103/amplitude_matched_counterfactual.csv
nonlinear_recovery,2026074103,1750,290,2.9,20.39999999999993,0.9031158628541296,0.6541748046875,0.6083538799756958,0.9531809800118076,0.5796530620091579,0.1022834298104785,0.9074786898281116,0.7734141962480738,0.8590408314086616,1750,phase_ensemble_v1/summaries/dynamic_recovery/amplitude_matched_3x3/checkpoint_1750/seed_2026074103/amplitude_matched_counterfactual.csv
amplitude_matched_frozen,2026074103,1750,290,2.9,20.39999999999993,0.0558569854213819,0.0271530151367187,0.0287475713112618,0.9631892609253528,0.579653062009158,0.1022834298104785,0.0594213558031806,0.0647468792852397,0.1316610478624735,1750,phase_ensemble_v1/summaries/dynamic_recovery/amplitude_matched_3x3/checkpoint_1750/seed_2026074103/amplitude_matched_counterfactual.csv
natural_reference,2026074103,1750,300,3.0,20.499999999999936,0.8280870862666923,0.5369338989257812,0.5242489753833228,0.9437454882131092,0.5576253786130236,0.1050760596424566,1.0,1.0,1.0,1750,phase_ensemble_v1/summaries/dynamic_recovery/amplitude_matched_3x3/checkpoint_1750/seed_2026074103/amplitude_matched_counterfactual.csv
nonlinear_recovery,2026074103,1750,300,3.0,20.499999999999936,0.9022181921663937,0.6500701904296875,0.6097972029171614,0.953828178634527,0.5794180175946235,0.1024250955191354,0.909608687306599,0.7903643072225285,0.8510304943358066,1750,phase_ensemble_v1/summaries/dynamic_recovery/amplitude_matched_3x3/checkpoint_1750/seed_2026074103/amplitude_matched_counterfactual.csv
amplitude_matched_frozen,2026074103,1750,300,3.0,20.499999999999936,0.045441321716817,0.019134521484375,0.0263296938471785,0.9628886673241248,0.5794180175946235,0.1024250955191354,0.0456856514819834,0.0405445523559099,0.1329476791115288,1750,phase_ensemble_v1/summaries/dynamic_recovery/amplitude_matched_3x3/checkpoint_1750/seed_2026074103/amplitude_matched_counterfactual.csv
natural_reference,2026074101,2250,0,0.0,22.50000000000072,0.8904127276863568,0.6455307006835938,0.5759067478932679,0.9579675767590622,0.5502480479905456,0.1026049487183782,1.0,1.0,1.0,2250,phase_ensemble_v1/summaries/dynamic_recovery/amplitude_matched_3x3/checkpoint_2250/seed_2026074101/amplitude_matched_counterfactual.csv
nonlinear_recovery,2026074101,2250,0,0.0,22.50000000000072,0.137515316249451,0.0861053466796875,0.0520259992284615,0.9597414381415186,0.5502480479905456,0.1026049487183782,0.0,0.0,0.0,2250,phase_ensemble_v1/summaries/dynamic_recovery/amplitude_matched_3x3/checkpoint_2250/seed_2026074101/amplitude_matched_counterfactual.csv
amplitude_matched_frozen,2026074101,2250,0,0.0,22.50000000000072,0.1375153162494511,0.0861053466796875,0.0520259992284615,0.959741438141518,0.5502480479905456,0.1026049487183782,3.3306690738754696e-16,0.0,0.0,2250,phase_ensemble_v1/summaries/dynamic_recovery/amplitude_matched_3x3/checkpoint_2250/seed_2026074101/amplitude_matched_counterfactual.csv
natural_reference,2026074101,2250,10,0.1,22.60000000000072,0.8898686640994065,0.643096923828125,0.5769358685163279,0.9577420808516574,0.5499889226579213,0.1025791189991246,1.0,1.0,1.0,2250,phase_ensemble_v1/summaries/dynamic_recovery/amplitude_matched_3x3/checkpoint_2250/seed_2026074101/amplitude_matched_counterfactual.csv
nonlinear_recovery,2026074101,2250,10,0.1,22.60000000000072,0.3584562572566847,0.1949844360351562,0.1757560043855518,0.964800953938832,0.5503044638526714,0.0968387902610729,0.2941768708853436,0.1989771564950562,0.2342152958411872,2250,phase_ensemble_v1/summaries/dynamic_recovery/amplitude_matched_3x3/checkpoint_2250/seed_2026074101/amplitude_matched_counterfactual.csv
amplitude_matched_frozen,2026074101,2250,10,0.1,22.60000000000072,0.1905055095910513,0.1076507568359375,0.0845895198981732,0.9632906744356348,0.5503044638526714,0.0968387902610729,0.0711043179526682,0.0428639618138424,0.0601938516103561,2250,phase_ensemble_v1/summaries/dynamic_recovery/amplitude_matched_3x3/checkpoint_2250/seed_2026074101/amplitude_matched_counterfactual.csv
natural_reference,2026074101,2250,20,0.2,22.70000000000072,0.8882499588419999,0.6413726806640625,0.5737319358845897,0.9575907557891332,0.5497319823921573,0.1025579679482091,1.0,1.0,1.0,2250,phase_ensemble_v1/summaries/dynamic_recovery/amplitude_matched_3x3/checkpoint_2250/seed_2026074101/amplitude_matched_counterfactual.csv
nonlinear_recovery,2026074101,2250,20,0.2,22.70000000000072,0.5326362576765357,0.28753662109375,0.2894259193849419,0.9669047743376472,0.5507918020068677,0.0937484756766909,0.5276730989328613,0.3675008523695874,0.4573077609279459,2250,phase_ensemble_v1/summaries/dynamic_recovery/amplitude_matched_3x3/checkpoint_2250/seed_2026074101/amplitude_matched_counterfactual.csv
amplitude_matched_frozen,2026074101,2250,20,0.2,22.70000000000072,0.2190282960334192,0.1167678833007812,0.1049444155374901,0.9648113341221212,0.5507918020068675,0.0937484756766909,0.111138313609858,0.0622434367541766,0.105163681731235,2250,phase_ensemble_v1/summaries/dynamic_recovery/amplitude_matched_3x3/checkpoint_2250/seed_2026074101/amplitude_matched_counterfactual.csv
natural_reference,2026074101,2250,30,0.3,22.80000000000072,0.8856295421917081,0.6386566162109375,0.5685552761031375,0.9576530005129498,0.5494777509812775,0.1025216245582647,1.0,1.0,1.0,2250,phase_ensemble_v1/summaries/dynamic_recovery/amplitude_matched_3x3/checkpoint_2250/seed_2026074101/amplitude_matched_counterfactual.csv
nonlinear_recovery,2026074101,2250,30,0.3,22.80000000000072,0.6584636974914433,0.3681716918945312,0.3831871929951319,0.9669993515320352,0.5515010984704253,0.0922709987431253,0.6982778247746682,0.5164950562563928,0.6461635905109213,2250,phase_ensemble_v1/summaries/dynamic_recovery/amplitude_matched_3x3/checkpoint_2250/seed_2026074101/amplitude_matched_counterfactual.csv
amplitude_matched_frozen,2026074101,2250,30,0.3,22.80000000000072,0.2249347093986637,0.1169586181640625,0.1108934828349115,0.9645521966055012,0.5515010984704253,0.0922709987431254,0.1224636680153975,0.0674394817592908,0.1264008184407425,2250,phase_ensemble_v1/summaries/dynamic_recovery/amplitude_matched_3x3/checkpoint_2250/seed_2026074101/amplitude_matched_counterfactual.csv
natural_reference,2026074101,2250,40,0.4,22.90000000000072,0.8821859409742866,0.63336181640625,0.5638982781688212,0.9579830815397457,0.5492286775650205,0.1024521237325596,1.0,1.0,1.0,2250,phase_ensemble_v1/summaries/dynamic_recovery/amplitude_matched_3x3/checkpoint_2250/seed_2026074101/amplitude_matched_counterfactual.csv
nonlinear_recovery,2026074101,2250,40,0.4,22.90000000000072,0.7441530588394649,0.4314727783203125,0.4605566250796466,0.966190204216124,0.5523042684134287,0.0917904511618604,0.8166644219543991,0.6391135356290487,0.8027382121741307,2250,phase_ensemble_v1/summaries/dynamic_recovery/amplitude_matched_3x3/checkpoint_2250/seed_2026074101/amplitude_matched_counterfactual.csv
amplitude_matched_frozen,2026074101,2250,40,0.4,22.90000000000072,0.2187896302397129,0.11370849609375,0.10776206463291,0.9635030934995296,0.5523042684134287,0.0917904511618604,0.1188755590639091,0.0710944425502898,0.129312892870282,2250,phase_ensemble_v1/summaries/dynamic_recovery/amplitude_matched_3x3/checkpoint_2250/seed_2026074101/amplitude_matched_counterfactual.csv
natural_reference,2026074101,2250,50,0.5,23.00000000000072,0.8781868747115208,0.6280136108398438,0.5578164738220849,0.95854439592482,0.548988783291112,0.1023362567778748,1.0,1.0,1.0,2250,phase_ensemble_v1/summaries/dynamic_recovery/amplitude_matched_3x3/checkpoint_2250/seed_2026074101/amplitude_matched_counterfactual.csv
nonlinear_recovery,2026074101,2250,50,0.5,23.00000000000072,0.7987827394167231,0.4841537475585937,0.5130380875019621,0.9652822986000774,0.5531229916319792,0.0919052564261483,0.8945352526272407,0.7428435049437436,0.9145256121087716,2250,phase_ensemble_v1/summaries/dynamic_recovery/amplitude_matched_3x3/checkpoint_2250/seed_2026074101/amplitude_matched_counterfactual.csv
amplitude_matched_frozen,2026074101,2250,50,0.5,23.00000000000072,0.2102282087199541,0.1111221313476562,0.1014766746405921,0.9629926760356856,0.5531229916319793,0.0919052564261482,0.1128158287637534,0.0760313672008182,0.1289242822063083,2250,phase_ensemble_v1/summaries/dynamic_recovery/amplitude_matched_3x3/checkpoint_2250/seed_2026074101/amplitude_matched_counterfactual.csv
natural_reference,2026074101,2250,60,0.6,23.10000000000072,0.8737605430365469,0.6193313598632812,0.5544898964736623,0.9592206203247274,0.5487631466456104,0.1021659883678179,1.0,1.0,1.0,2250,phase_ensemble_v1/summaries/dynamic_recovery/amplitude_matched_3x3/checkpoint_2250/seed_2026074101/amplitude_matched_counterfactual.csv
nonlinear_recovery,2026074101,2250,60,0.6,23.10000000000072,0.8315054451153939,0.5254592895507812,0.5435238050931994,0.9645962486166632,0.5539123666425908,0.0923397412254928,0.9438766858814016,0.832199113535629,0.9790675809171996,2250,phase_ensemble_v1/summaries/dynamic_recovery/amplitude_matched_3x3/checkpoint_2250/seed_2026074101/amplitude_matched_counterfactual.csv
amplitude_matched_frozen,2026074101,2250,60,0.6,23.10000000000072,0.2012928903947395,0.1072845458984375,0.0960833230780314,0.9625716470574897,0.5539123666425907,0.0923397412254928,0.1068269827646214,0.084691442209342,0.1249791587800217,2250,phase_ensemble_v1/summaries/dynamic_recovery/amplitude_matched_3x3/checkpoint_2250/seed_2026074101/amplitude_matched_counterfactual.csv
natural_reference,2026074101,2250,70,0.7000000000000001,23.20000000000072,0.868948185618289,0.6134185791015625,0.5472065403609744,0.9598340450096834,0.5485574254159927,0.1019376566898431,1.0,1.0,1.0,2250,phase_ensemble_v1/summaries/dynamic_recovery/amplitude_matched_3x3/checkpoint_2250/seed_2026074101/amplitude_matched_counterfactual.csv
nonlinear_recovery,2026074101,2250,70,0.7000000000000001,23.20000000000072,0.8512899062625433,0.5568008422851562,0.5598640090304872,0.9640282512472308,0.5546504181164957,0.0929068086656138,0.976546234470318,0.8987930446641664,0.9758390269125704,2250,phase_ensemble_v1/summaries/dynamic_recovery/amplitude_matched_3x3/checkpoint_2250/seed_2026074101/amplitude_matched_counterfactual.csv
amplitude_matched_frozen,2026074101,2250,70,0.7000000000000001,23.20000000000072,0.1953845484968926,0.10247802734375,0.0948047611541409,0.9623593595285962,0.5546504181164957,0.0929068086656138,0.1053712937651103,0.0866689396522332,0.1364412982155739,2250,phase_ensemble_v1/summaries/dynamic_recovery/amplitude_matched_3x3/checkpoint_2250/seed_2026074101/amplitude_matched_counterfactual.csv
natural_reference,2026074101,2250,80,0.8,23.30000000000072,0.86389199801355,0.6049346923828125,0.5424305634501032,0.9602210296831832,0.5483774323473124,0.1016519044435521,1.0,1.0,1.0,2250,phase_ensemble_v1/summaries/dynamic_recovery/amplitude_matched_3x3/checkpoint_2250/seed_2026074101/amplitude_matched_counterfactual.csv
nonlinear_recovery,2026074101,2250,80,0.8,23.30000000000072,0.863916741372681,0.5789031982421875,0.5701686757871086,0.9633151537201992,0.5553303722475378,0.0934864129072771,0.999967135815909,0.9534674394817592,0.9470526214072564,2250,phase_ensemble_v1/summaries/dynamic_recovery/amplitude_matched_3x3/checkpoint_2250/seed_2026074101/amplitude_matched_counterfactual.csv
amplitude_matched_frozen,2026074101,2250,80,0.8,23.30000000000072,0.1909332833815221,0.0976028442382812,0.095102738738708,0.962373817004221,0.5553303722475376,0.0934864129072771,0.1061747531477295,0.0931196726900783,0.146126621656777,2250,phase_ensemble_v1/summaries/dynamic_recovery/amplitude_matched_3x3/checkpoint_2250/seed_2026074101/amplitude_matched_counterfactual.csv
natural_reference,2026074101,2250,90,0.9,23.40000000000072,0.8591514106773177,0.5960617065429688,0.5392367633755452,0.960313749290688,0.5482286862567586,0.1013138878914769,1.0,1.0,1.0,2250,phase_ensemble_v1/summaries/dynamic_recovery/amplitude_matched_3x3/checkpoint_2250/seed_2026074101/amplitude_matched_counterfactual.csv
nonlinear_recovery,2026074101,2250,90,0.9,23.40000000000072,0.8729030741241275,0.5949172973632812,0.5782998708186333,0.9623085058092008,0.5559548482700791,0.0940079842209248,0.981735010324229,0.9979543129901124,0.9254351156391092,2250,phase_ensemble_v1/summaries/dynamic_recovery/amplitude_matched_3x3/checkpoint_2250/seed_2026074101/amplitude_matched_counterfactual.csv
amplitude_matched_frozen,2026074101,2250,90,0.9,23.40000000000072,0.1838279055407655,0.0904769897460937,0.0949298069042207,0.9622698670294888,0.5559548482700789,0.0940079842209248,0.1030338331915682,0.0962427548585066,0.1518929496765982,2250,phase_ensemble_v1/summaries/dynamic_recovery/amplitude_matched_3x3/checkpoint_2250/seed_2026074101/amplitude_matched_counterfactual.csv
natural_reference,2026074101,2250,100,1.0,23.50000000000072,0.8551672578888896,0.5861968994140625,0.539339110060039,0.9601350444238956,0.5481160355470431,0.1009312512487585,1.0,1.0,1.0,2250,phase_ensemble_v1/summaries/dynamic_recovery/amplitude_matched_3x3/checkpoint_2250/seed_2026074101/amplitude_matched_counterfactual.csv
nonlinear_recovery,2026074101,2250,100,1.0,23.50000000000072,0.880102850490898,0.606597900390625,0.5867549699933529,0.9611375589278708,0.5565316979422965,0.0944351442451101,0.9668804909895776,0.9635322195704056,0.9094911197745656,2250,phase_ensemble_v1/summaries/dynamic_recovery/amplitude_matched_3x3/checkpoint_2250/seed_2026074101/amplitude_matched_counterfactual.csv
amplitude_matched_frozen,2026074101,2250,100,1.0,23.50000000000072,0.1770797994057397,0.0881805419921875,0.0903094386374855,0.9624304448461926,0.5565316979422965,0.0944351442451101,0.0993627442694764,0.1097715649505626,0.1428780832909453,2250,phase_ensemble_v1/summaries/dynamic_recovery/amplitude_matched_3x3/checkpoint_2250/seed_2026074101/amplitude_matched_counterfactual.csv
natural_reference,2026074101,2250,110,1.1,23.60000000000072,0.852208577161823,0.578460693359375,0.5399038176754931,0.9597324109744618,0.5480436238829544,0.1005096868165261,1.0,1.0,1.0,2250,phase_ensemble_v1/summaries/dynamic_recovery/amplitude_matched_3x3/checkpoint_2250/seed_2026074101/amplitude_matched_counterfactual.csv
nonlinear_recovery,2026074101,2250,110,1.1,23.60000000000072,0.8857749303981421,0.6150283813476562,0.594755501191262,0.9601701556144444,0.5570712212961564,0.0947534798187074,0.955417095707292,0.9346334810773952,0.8952973865606493,2250,phase_ensemble_v1/summaries/dynamic_recovery/amplitude_matched_3x3/checkpoint_2250/seed_2026074101/amplitude_matched_counterfactual.csv
amplitude_matched_frozen,2026074101,2250,110,1.1,23.60000000000072,0.1751624832035996,0.0891494750976562,0.0873774634188954,0.9627971149355236,0.5570712212961564,0.0947534798187074,0.1007458869249134,0.1253324241391067,0.1362035054543744,2250,phase_ensemble_v1/summaries/dynamic_recovery/amplitude_matched_3x3/checkpoint_2250/seed_2026074101/amplitude_matched_counterfactual.csv
natural_reference,2026074101,2250,120,1.2,23.70000000000072,0.8504520272289837,0.57147216796875,0.5427725768110412,0.9591060058637368,0.5480152492681695,0.1000504564201818,1.0,1.0,1.0,2250,phase_ensemble_v1/summaries/dynamic_recovery/amplitude_matched_3x3/checkpoint_2250/seed_2026074101/amplitude_matched_counterfactual.csv
nonlinear_recovery,2026074101,2250,120,1.2,23.70000000000072,0.8897634268602709,0.6208724975585938,0.6007791265380695,0.9597265398928638,0.5575844908271907,0.0949604952797639,0.9477865124330004,0.9116945107398567,0.889275279011746,2250,phase_ensemble_v1/summaries/dynamic_recovery/amplitude_matched_3x3/checkpoint_2250/seed_2026074101/amplitude_matched_counterfactual.csv
amplitude_matched_frozen,2026074101,2250,120,1.2,23.70000000000072,0.1736700209798143,0.0928497314453125,0.0821448935890113,0.9631366166574388,0.5575844908271907,0.0949604952797639,0.1010966488016874,0.1444391408114558,0.1207394346976618,2250,phase_ensemble_v1/summaries/dynamic_recovery/amplitude_matched_3x3/checkpoint_2250/seed_2026074101/amplitude_matched_counterfactual.csv
natural_reference,2026074101,2250,130,1.3,23.80000000000072,0.8500204207206664,0.567352294921875,0.5459664921637069,0.9581949074635182,0.5480346939949409,0.0995535163242462,1.0,1.0,1.0,2250,phase_ensemble_v1/summaries/dynamic_recovery/amplitude_matched_3x3/checkpoint_2250/seed_2026074101/amplitude_matched_counterfactual.csv
nonlinear_recovery,2026074101,2250,130,1.3,23.80000000000072,0.8921370765368878,0.6234817504882812,0.6053947859037057,0.9597765657685472,0.5580824901256348,0.0950602518347887,0.9440605649900672,0.8996658711217184,0.8865614094591923,2250,phase_ensemble_v1/summaries/dynamic_recovery/amplitude_matched_3x3/checkpoint_2250/seed_2026074101/amplitude_matched_counterfactual.csv
amplitude_matched_frozen,2026074101,2250,130,1.3,23.80000000000072,0.1695929765447584,0.0924224853515625,0.0783993384481064,0.963045382830826,0.5580824901256347,0.0950602518347887,0.0962547701189313,0.1510398908966927,0.1074931558235918,2250,phase_ensemble_v1/summaries/dynamic_recovery/amplitude_matched_3x3/checkpoint_2250/seed_2026074101/amplitude_matched_counterfactual.csv
natural_reference,2026074101,2250,140,1.4,23.90000000000072,0.8506986409819228,0.562774658203125,0.5523738838685727,0.9569594922829424,0.5481055867702589,0.099022596159684,1.0,1.0,1.0,2250,phase_ensemble_v1/summaries/dynamic_recovery/amplitude_matched_3x3/checkpoint_2250/seed_2026074101/amplitude_matched_counterfactual.csv
nonlinear_recovery,2026074101,2250,140,1.4,23.90000000000072,0.893164787945635,0.6202621459960938,0.6118842666672469,0.959983501807115,0.5585754009082725,0.095065420490936,0.9435963700782748,0.8972383225366519,0.8864047152899854,2250,phase_ensemble_v1/summaries/dynamic_recovery/amplitude_matched_3x3/checkpoint_2250/seed_2026074101/amplitude_matched_counterfactual.csv
amplitude_matched_frozen,2026074101,2250,140,1.4,23.90000000000072,0.1611824718185699,0.0893325805664062,0.0728995608126807,0.9626717667203052,0.5585754009082725,0.095065420490936,0.0841831055742238,0.1536992840095465,0.0847643776223716,2250,phase_ensemble_v1/summaries/dynamic_recovery/amplitude_matched_3x3/checkpoint_2250/seed_2026074101/amplitude_matched_counterfactual.csv
natural_reference,2026074101,2250,150,1.5,24.00000000000072,0.8521477134170428,0.56085205078125,0.5579615549150375,0.9554562455024218,0.5482309439959079,0.0984657907090306,1.0,1.0,1.0,2250,phase_ensemble_v1/summaries/dynamic_recovery/amplitude_matched_3x3/checkpoint_2250/seed_2026074101/amplitude_matched_counterfactual.csv
nonlinear_recovery,2026074101,2250,150,1.5,24.00000000000072,0.8929448375733542,0.6160812377929688,0.6154255300796313,0.9600531089637632,0.5590715831610256,0.0949996756439479,0.9458131698468056,0.90127514490283,0.890310962349638,2250,phase_ensemble_v1/summaries/dynamic_recovery/amplitude_matched_3x3/checkpoint_2250/seed_2026074101/amplitude_matched_counterfactual.csv
amplitude_matched_frozen,2026074101,2250,150,1.5,24.00000000000072,0.1520780834306634,0.0858306884765625,0.0671235564953123,0.9623108733881944,0.5590715831610256,0.0949996756439478,0.0701659756668635,0.1508762359359018,0.0630730377653615,2250,phase_ensemble_v1/summaries/dynamic_recovery/amplitude_matched_3x3/checkpoint_2250/seed_2026074101/amplitude_matched_counterfactual.csv
natural_reference,2026074101,2250,160,1.6,24.10000000000072,0.8541603143109838,0.56109619140625,0.5627905585948493,0.9538074942594664,0.5484129167822259,0.0978915518158484,1.0,1.0,1.0,2250,phase_ensemble_v1/summaries/dynamic_recovery/amplitude_matched_3x3/checkpoint_2250/seed_2026074101/amplitude_matched_counterfactual.csv
nonlinear_recovery,2026074101,2250,160,1.6,24.10000000000072,0.8916347460036306,0.6110305786132812,0.6164632891486332,0.9599987862494884,0.5595766340777639,0.094893275180719,0.9502263772947144,0.9107398568019092,0.8975478089420589,2250,phase_ensemble_v1/summaries/dynamic_recovery/amplitude_matched_3x3/checkpoint_2250/seed_2026074101/amplitude_matched_counterfactual.csv
amplitude_matched_frozen,2026074101,2250,160,1.6,24.10000000000072,0.1459407199517713,0.079925537109375,0.0667942976080793,0.9619992322446564,0.5595766340777639,0.094893275180719,0.0593411750379453,0.1398840777361063,0.0532267844334888,2250,phase_ensemble_v1/summaries/dynamic_recovery/amplitude_matched_3x3/checkpoint_2250/seed_2026074101/amplitude_matched_counterfactual.csv
natural_reference,2026074101,2250,170,1.7,24.20000000000072,0.8565122593676197,0.5626907348632812,0.5671699303734178,0.9521359752142784,0.5486529279087797,0.0973059007961174,1.0,1.0,1.0,2250,phase_ensemble_v1/summaries/dynamic_recovery/amplitude_matched_3x3/checkpoint_2250/seed_2026074101/amplitude_matched_counterfactual.csv
nonlinear_recovery,2026074101,2250,170,1.7,24.20000000000072,0.8893373091680802,0.6051712036132812,0.6153463054285331,0.9600650648789888,0.5600931716836282,0.0947740251521265,0.9564016965633952,0.9240640981929764,0.90803942466315,2250,phase_ensemble_v1/summaries/dynamic_recovery/amplitude_matched_3x3/checkpoint_2250/seed_2026074101/amplitude_matched_counterfactual.csv
amplitude_matched_frozen,2026074101,2250,170,1.7,24.20000000000072,0.1435653850572556,0.0753631591796875,0.0689482139024708,0.961840341178944,0.5600931716836282,0.0947740251521265,0.0530623913957895,0.1288782816229117,0.0489787652232985,2250,phase_ensemble_v1/summaries/dynamic_recovery/amplitude_matched_3x3/checkpoint_2250/seed_2026074101/amplitude_matched_counterfactual.csv
natural_reference,2026074101,2250,180,1.8,24.30000000000072,0.8589168587790064,0.5648345947265625,0.5711954045691187,0.9505495581349096,0.5489518617861919,0.0967141915972053,1.0,1.0,1.0,2250,phase_ensemble_v1/summaries/dynamic_recovery/amplitude_matched_3x3/checkpoint_2250/seed_2026074101/amplitude_matched_counterfactual.csv
nonlinear_recovery,2026074101,2250,180,1.8,24.30000000000072,0.8865099490173767,0.6005096435546875,0.6115792998386622,0.9603820807093753,0.5606214705032695,0.094660206081545,0.9633507967762714,0.9362291169451074,0.9229139544209854,2250,phase_ensemble_v1/summaries/dynamic_recovery/amplitude_matched_3x3/checkpoint_2250/seed_2026074101/amplitude_matched_counterfactual.csv
amplitude_matched_frozen,2026074101,2250,180,1.8,24.30000000000072,0.1424614908549925,0.0703506469726562,0.0728408739173482,0.9615506454589364,0.5606214705032694,0.0946602060815451,0.0484024024512744,0.1160859188544153,0.0487252453503848,2250,phase_ensemble_v1/summaries/dynamic_recovery/amplitude_matched_3x3/checkpoint_2250/seed_2026074101/amplitude_matched_counterfactual.csv
natural_reference,2026074101,2250,190,1.9,24.40000000000072,0.8611308832753926,0.5704269409179688,0.5713658504684193,0.9491576651035604,0.5493099366182346,0.096124952338565,1.0,1.0,1.0,2250,phase_ensemble_v1/summaries/dynamic_recovery/amplitude_matched_3x3/checkpoint_2250/seed_2026074101/amplitude_matched_counterfactual.csv
nonlinear_recovery,2026074101,2250,190,1.9,24.40000000000072,0.8836630332582078,0.5937728881835938,0.6099036143900997,0.960747186087644,0.5611605569358411,0.094558659649548,0.9700727487695666,0.9582679849982952,0.926437907825588,2250,phase_ensemble_v1/summaries/dynamic_recovery/amplitude_matched_3x3/checkpoint_2250/seed_2026074101/amplitude_matched_counterfactual.csv
amplitude_matched_frozen,2026074101,2250,190,1.9,24.40000000000072,0.1431149604754157,0.0644454956054687,0.0794017967372381,0.9612258181061164,0.5611605569358412,0.094558659649548,0.0463296700281616,0.0955335833617456,0.0609235880779548,2250,phase_ensemble_v1/summaries/dynamic_recovery/amplitude_matched_3x3/checkpoint_2250/seed_2026074101/amplitude_matched_counterfactual.csv
natural_reference,2026074101,2250,200,2.0,24.50000000000072,0.8632337880012648,0.5772857666015625,0.5699951989416318,0.9480842046483616,0.5497262757510566,0.0955514933351926,1.0,1.0,1.0,2250,phase_ensemble_v1/summaries/dynamic_recovery/amplitude_matched_3x3/checkpoint_2250/seed_2026074101/amplitude_matched_counterfactual.csv
nonlinear_recovery,2026074101,2250,200,2.0,24.50000000000072,0.8812500615675543,0.5883102416992188,0.6083249275985542,0.9609582198798928,0.5617092199707452,0.094468166388499,0.976070745771452,0.980293215138084,0.926835012062169,2250,phase_ensemble_v1/summaries/dynamic_recovery/amplitude_matched_3x3/checkpoint_2250/seed_2026074101/amplitude_matched_counterfactual.csv
amplitude_matched_frozen,2026074101,2250,200,2.0,24.50000000000072,0.146347261455276,0.06072998046875,0.0863850424194384,0.9611577423049044,0.561709219970745,0.094468166388499,0.0478297366200134,0.0766314353903853,0.0768697690175657,2250,phase_ensemble_v1/summaries/dynamic_recovery/amplitude_matched_3x3/checkpoint_2250/seed_2026074101/amplitude_matched_counterfactual.csv
natural_reference,2026074101,2250,210,2.1,24.60000000000072,0.8652670745681211,0.5832290649414062,0.569369914617403,0.9474718887008544,0.5501985114441628,0.0950096702540105,1.0,1.0,1.0,2250,phase_ensemble_v1/summaries/dynamic_recovery/amplitude_matched_3x3/checkpoint_2250/seed_2026074101/amplitude_matched_counterfactual.csv
nonlinear_recovery,2026074101,2250,210,2.1,24.60000000000072,0.8793368989273588,0.58221435546875,0.608810969542565,0.9611163814870124,0.5622665559135096,0.0943844924398256,0.9813124282996466,0.9981861575178996,0.9247136776343018,2250,phase_ensemble_v1/summaries/dynamic_recovery/amplitude_matched_3x3/checkpoint_2250/seed_2026074101/amplitude_matched_counterfactual.csv
amplitude_matched_frozen,2026074101,2250,210,2.1,24.60000000000072,0.150285053588082,0.0571365356445312,0.0939552901587375,0.9611387670389002,0.5622665559135094,0.0943844924398256,0.0503593051070598,0.0595840436413228,0.0925136576017814,2250,phase_ensemble_v1/summaries/dynamic_recovery/amplitude_matched_3x3/checkpoint_2250/seed_2026074101/amplitude_matched_counterfactual.csv
natural_reference,2026074101,2250,220,2.2,24.70000000000072,0.8674422677463526,0.5891647338867188,0.5691519866580314,0.9474649581055768,0.5507227592970932,0.0945130701371053,1.0,1.0,1.0,2250,phase_ensemble_v1/summaries/dynamic_recovery/amplitude_matched_3x3/checkpoint_2250/seed_2026074101/amplitude_matched_counterfactual.csv
nonlinear_recovery,2026074101,2250,220,2.2,24.70000000000072,0.8775391090371856,0.5774307250976562,0.608391165152493,0.9613650471502256,0.5628321278708266,0.0943025441182645,0.9865893531609264,0.9790248891919536,0.9250990256953152,2250,phase_ensemble_v1/summaries/dynamic_recovery/amplitude_matched_3x3/checkpoint_2250/seed_2026074101/amplitude_matched_counterfactual.csv
amplitude_matched_frozen,2026074101,2250,220,2.2,24.70000000000072,0.1523738560887236,0.0517807006835937,0.1013931498960999,0.961132183229412,0.5628321278708266,0.0943025441182646,0.0502445608188241,0.039399931810433,0.1071272652142889,2250,phase_ensemble_v1/summaries/dynamic_recovery/amplitude_matched_3x3/checkpoint_2250/seed_2026074101/amplitude_matched_counterfactual.csv
natural_reference,2026074101,2250,230,2.3000000000000003,24.80000000000072,0.8695550639606957,0.5944442749023438,0.5694720446959806,0.9481573769568858,0.5512940986031996,0.0940681656446834,1.0,1.0,1.0,2250,phase_ensemble_v1/summaries/dynamic_recovery/amplitude_matched_3x3/checkpoint_2250/seed_2026074101/amplitude_matched_counterfactual.csv
nonlinear_recovery,2026074101,2250,230,2.3000000000000003,24.80000000000072,0.8754039099384554,0.572509765625,0.6072180287815182,0.9616374880668142,0.5634060990878228,0.0942150476495587,0.9922315498912432,0.9607909989771564,0.9279492820040832,2250,phase_ensemble_v1/summaries/dynamic_recovery/amplitude_matched_3x3/checkpoint_2250/seed_2026074101/amplitude_matched_counterfactual.csv
amplitude_matched_frozen,2026074101,2250,230,2.3000000000000003,24.80000000000072,0.1518937410531967,0.0455398559570312,0.1070946824780621,0.9613640700499017,0.5634060990878229,0.0942150476495587,0.0468006503862971,0.0188066825775656,0.1173995925668944,2250,phase_ensemble_v1/summaries/dynamic_recovery/amplitude_matched_3x3/checkpoint_2250/seed_2026074101/amplitude_matched_counterfactual.csv
natural_reference,2026074101,2250,240,2.4,24.90000000000072,0.8714428881279003,0.5978164672851562,0.5712009067388164,0.9495039657317786,0.5519074321291924,0.0936719045382269,1.0,1.0,1.0,2250,phase_ensemble_v1/summaries/dynamic_recovery/amplitude_matched_3x3/checkpoint_2250/seed_2026074101/amplitude_matched_counterfactual.csv
nonlinear_recovery,2026074101,2250,240,2.4,24.90000000000072,0.8725827291116579,0.5690994262695312,0.6028507393326622,0.9617705930253424,0.5639895415281115,0.0941110379518671,0.9984860606950656,0.9486668939652232,0.939585807124025,2250,phase_ensemble_v1/summaries/dynamic_recovery/amplitude_matched_3x3/checkpoint_2250/seed_2026074101/amplitude_matched_counterfactual.csv
amplitude_matched_frozen,2026074101,2250,240,2.4,24.90000000000072,0.1486256007045193,0.040374755859375,0.1089043496090821,0.9620371888668614,0.5639895415281115,0.0941110379518671,0.039952486961161,0.0035458574838049,0.117553835852967,2250,phase_ensemble_v1/summaries/dynamic_recovery/amplitude_matched_3x3/checkpoint_2250/seed_2026074101/amplitude_matched_counterfactual.csv
natural_reference,2026074101,2250,250,2.5,25.00000000000072,0.8728743304692097,0.6002349853515625,0.5726871669918971,0.9512467597039796,0.5525584107047555,0.0933128569797608,1.0,1.0,1.0,2250,phase_ensemble_v1/summaries/dynamic_recovery/amplitude_matched_3x3/checkpoint_2250/seed_2026074101/amplitude_matched_counterfactual.csv
nonlinear_recovery,2026074101,2250,250,2.5,25.00000000000072,0.868737364286881,0.5651473999023438,0.5964025325823982,0.9616967490792774,0.5645847682111822,0.0939771271499162,0.9945052724056612,0.9372792362768496,0.9547313665353356,2250,phase_ensemble_v1/summaries/dynamic_recovery/amplitude_matched_3x3/checkpoint_2250/seed_2026074101/amplitude_matched_counterfactual.csv
amplitude_matched_frozen,2026074101,2250,250,2.5,25.00000000000072,0.1413137107303241,0.0356826782226562,0.1061663713037808,0.9629657985573356,0.5645847682111822,0.0939771271499162,0.0283395737239937,-0.0091646778042959,0.109490476836343,2250,phase_ensemble_v1/summaries/dynamic_recovery/amplitude_matched_3x3/checkpoint_2250/seed_2026074101/amplitude_matched_counterfactual.csv
natural_reference,2026074101,2250,260,2.6,25.10000000000072,0.8733488642292621,0.601226806640625,0.5729859483635982,0.9529860288268645,0.5532440836090836,0.0929753480450507,1.0,1.0,1.0,2250,phase_ensemble_v1/summaries/dynamic_recovery/amplitude_matched_3x3/checkpoint_2250/seed_2026074101/amplitude_matched_counterfactual.csv
nonlinear_recovery,2026074101,2250,260,2.6,25.10000000000072,0.8640725663356698,0.5633392333984375,0.5859575155399215,0.961479899739997,0.5651954147804483,0.0938008191742174,0.98767920070825,0.9322741220593248,0.9752394658338116,2250,phase_ensemble_v1/summaries/dynamic_recovery/amplitude_matched_3x3/checkpoint_2250/seed_2026074101/amplitude_matched_counterfactual.csv
amplitude_matched_frozen,2026074101,2250,260,2.6,25.10000000000072,0.1330115360668032,0.03338623046875,0.1000696904560234,0.9634509491724068,0.5651954147804484,0.0938008191742175,0.0166823302665843,-0.0150426184793726,0.0972826180139712,2250,phase_ensemble_v1/summaries/dynamic_recovery/amplitude_matched_3x3/checkpoint_2250/seed_2026074101/amplitude_matched_counterfactual.csv
natural_reference,2026074101,2250,270,2.7,25.20000000000072,0.8728823300651457,0.6009750366210938,0.5719312899093403,0.9544071627439834,0.5539630517595244,0.0926449261504379,1.0,1.0,1.0,2250,phase_ensemble_v1/summaries/dynamic_recovery/amplitude_matched_3x3/checkpoint_2250/seed_2026074101/amplitude_matched_counterfactual.csv
nonlinear_recovery,2026074101,2250,270,2.7,25.20000000000072,0.8591972326052164,0.560302734375,0.5763605551558414,0.9612777467260972,0.5658261985922075,0.0935733795194531,0.981823423414604,0.9272962836685988,0.9915452796122212,2250,phase_ensemble_v1/summaries/dynamic_recovery/amplitude_matched_3x3/checkpoint_2250/seed_2026074101/amplitude_matched_counterfactual.csv
amplitude_matched_frozen,2026074101,2250,270,2.7,25.20000000000072,0.1271420040381973,0.03387451171875,0.0936709211090958,0.9635449186219348,0.5658261985922074,0.0935733795194532,0.0095060566037783,-0.0137197408796454,0.0870816115706347,2250,phase_ensemble_v1/summaries/dynamic_recovery/amplitude_matched_3x3/checkpoint_2250/seed_2026074101/amplitude_matched_counterfactual.csv
natural_reference,2026074101,2250,280,2.8000000000000003,25.30000000000072,0.8714353612472421,0.59857177734375,0.5703868305861866,0.95542126629871,0.5547151025730931,0.0923128622470887,1.0,1.0,1.0,2250,phase_ensemble_v1/summaries/dynamic_recovery/amplitude_matched_3x3/checkpoint_2250/seed_2026074101/amplitude_matched_counterfactual.csv
nonlinear_recovery,2026074101,2250,280,2.8000000000000003,25.30000000000072,0.8541830047147806,0.5582962036132812,0.565627070844833,0.961316624808759,0.5664824310589334,0.0932919916361792,0.9770853820581806,0.9280054551653596,0.9909144213573708,2250,phase_ensemble_v1/summaries/dynamic_recovery/amplitude_matched_3x3/checkpoint_2250/seed_2026074101/amplitude_matched_counterfactual.csv
amplitude_matched_frozen,2026074101,2250,280,2.8000000000000003,25.30000000000072,0.1231562365207719,0.0394821166992187,0.0840829706515805,0.9635399243353804,0.5664824310589335,0.0932919916361792,0.0061340185797978,0.000600068189567,0.0717279434794484,2250,phase_ensemble_v1/summaries/dynamic_recovery/amplitude_matched_3x3/checkpoint_2250/seed_2026074101/amplitude_matched_counterfactual.csv
natural_reference,2026074101,2250,290,2.9,25.40000000000072,0.8694886290332939,0.5947799682617188,0.5689368851740235,0.956087277098493,0.5555005257781173,0.0919778638603378,1.0,1.0,1.0,2250,phase_ensemble_v1/summaries/dynamic_recovery/amplitude_matched_3x3/checkpoint_2250/seed_2026074101/amplitude_matched_counterfactual.csv
nonlinear_recovery,2026074101,2250,290,2.9,25.40000000000072,0.8494203900107326,0.5547409057617188,0.557269429299791,0.9618065708597002,0.5671693337828048,0.0929615264269394,0.973345320733324,0.9284282304807364,0.9777287943793144,2250,phase_ensemble_v1/summaries/dynamic_recovery/amplitude_matched_3x3/checkpoint_2250/seed_2026074101/amplitude_matched_counterfactual.csv
amplitude_matched_frozen,2026074101,2250,290,2.9,25.40000000000072,0.1193958967753998,0.0467300415039062,0.0730735600812421,0.9636683926586738,0.5671693337828045,0.0929615264269394,0.0037251810623959,0.0203341288782816,0.0534805366363086,2250,phase_ensemble_v1/summaries/dynamic_recovery/amplitude_matched_3x3/checkpoint_2250/seed_2026074101/amplitude_matched_counterfactual.csv
natural_reference,2026074101,2250,300,3.0,25.50000000000072,0.8676476917439593,0.5920333862304688,0.5667302719407737,0.956531388243486,0.5563194048238435,0.0916449991900173,1.0,1.0,1.0,2250,phase_ensemble_v1/summaries/dynamic_recovery/amplitude_matched_3x3/checkpoint_2250/seed_2026074101/amplitude_matched_counterfactual.csv
nonlinear_recovery,2026074101,2250,300,3.0,25.50000000000072,0.8453490597750765,0.5553131103515625,0.5466532533615409,0.9627818403419284,0.5678912097657103,0.092595514355795,0.9703829079099556,0.9343607228094102,0.9616763573954524,2250,phase_ensemble_v1/summaries/dynamic_recovery/amplitude_matched_3x3/checkpoint_2250/seed_2026074101/amplitude_matched_counterfactual.csv
amplitude_matched_frozen,2026074101,2250,300,3.0,25.50000000000072,0.1148754823990778,0.0537872314453125,0.0614680518522489,0.9639476536475002,0.5678912097657103,0.092595514355795,0.0001662936943632,0.0378588475963177,0.035539631154101,2250,phase_ensemble_v1/summaries/dynamic_recovery/amplitude_matched_3x3/checkpoint_2250/seed_2026074101/amplitude_matched_counterfactual.csv
natural_reference,2026074102,2250,0,0.0,22.50000000000072,0.8904127276863568,0.6455307006835938,0.5759067478932679,0.9579675767590622,0.5502480479905456,0.1026049487183782,1.0,1.0,1.0,2250,phase_ensemble_v1/summaries/dynamic_recovery/amplitude_matched_3x3/checkpoint_2250/seed_2026074102/amplitude_matched_counterfactual.csv
nonlinear_recovery,2026074102,2250,0,0.0,22.50000000000072,-0.0854504965308314,-0.0275192260742187,-0.0580678187634402,0.956572500550668,0.5502480479905456,0.1026049487183783,0.0,0.0,0.0,2250,phase_ensemble_v1/summaries/dynamic_recovery/amplitude_matched_3x3/checkpoint_2250/seed_2026074102/amplitude_matched_counterfactual.csv
amplitude_matched_frozen,2026074102,2250,0,0.0,22.50000000000072,-0.0854504965308315,-0.0275192260742187,-0.0580678187634405,0.9565725005506682,0.5502480479905456,0.1026049487183783,0.0,0.0,-4.440892098500626e-16,2250,phase_ensemble_v1/summaries/dynamic_recovery/amplitude_matched_3x3/checkpoint_2250/seed_2026074102/amplitude_matched_counterfactual.csv
natural_reference,2026074102,2250,10,0.1,22.60000000000072,0.8898686640994065,0.643096923828125,0.5769358685163279,0.9577420808516574,0.5499889226579213,0.1025791189991246,1.0,1.0,1.0,2250,phase_ensemble_v1/summaries/dynamic_recovery/amplitude_matched_3x3/checkpoint_2250/seed_2026074102/amplitude_matched_counterfactual.csv
nonlinear_recovery,2026074102,2250,10,0.1,22.60000000000072,0.1903521276454391,0.1015090942382812,0.0905935242485962,0.9603029324128284,0.5503378731152785,0.0961879071061965,0.2831817829644099,0.1953229499648597,0.2328677365836948,2250,phase_ensemble_v1/summaries/dynamic_recovery/amplitude_matched_3x3/checkpoint_2250/seed_2026074102/amplitude_matched_counterfactual.csv
amplitude_matched_frozen,2026074102,2250,10,0.1,22.60000000000072,-0.0268847970203086,-0.005126953125,-0.0217608433467206,0.9611683191609118,0.5503378731152785,0.0961879071061965,0.060571770336862,0.0368858963023419,0.055645536349666,2250,phase_ensemble_v1/summaries/dynamic_recovery/amplitude_matched_3x3/checkpoint_2250/seed_2026074102/amplitude_matched_counterfactual.csv
natural_reference,2026074102,2250,20,0.2,22.70000000000072,0.8882499588419999,0.6413726806640625,0.5737319358845897,0.9575907557891332,0.5497319823921573,0.1025579679482091,1.0,1.0,1.0,2250,phase_ensemble_v1/summaries/dynamic_recovery/amplitude_matched_3x3/checkpoint_2250/seed_2026074102/amplitude_matched_counterfactual.csv
nonlinear_recovery,2026074102,2250,20,0.2,22.70000000000072,0.4211388906309138,0.219970703125,0.221706701198154,0.9620498236140737,0.5509185844002881,0.092548610521492,0.521335514425405,0.3738919494887665,0.4447328754166658,2250,phase_ensemble_v1/summaries/dynamic_recovery/amplitude_matched_3x3/checkpoint_2250/seed_2026074102/amplitude_matched_counterfactual.csv
amplitude_matched_frozen,2026074102,2250,20,0.2,22.70000000000072,0.0063279682688189,0.0030441284179687,0.0032839031091618,0.96417599560578,0.5509185844002881,0.0925486105214919,0.0962647544376564,0.0515881112698088,0.1002035999902806,2250,phase_ensemble_v1/summaries/dynamic_recovery/amplitude_matched_3x3/checkpoint_2250/seed_2026074102/amplitude_matched_counterfactual.csv
natural_reference,2026074102,2250,30,0.3,22.80000000000072,0.8856295421917081,0.6386566162109375,0.5685552761031375,0.9576530005129498,0.5494777509812775,0.1025216245582647,1.0,1.0,1.0,2250,phase_ensemble_v1/summaries/dynamic_recovery/amplitude_matched_3x3/checkpoint_2250/seed_2026074102/amplitude_matched_counterfactual.csv
nonlinear_recovery,2026074102,2250,30,0.3,22.80000000000072,0.5892341435746234,0.3203125,0.3314860001882475,0.962674222882433,0.5517713912067954,0.0906152152515288,0.6962736259942113,0.5270126278083838,0.6260586963841706,2250,phase_ensemble_v1/summaries/dynamic_recovery/amplitude_matched_3x3/checkpoint_2250/seed_2026074102/amplitude_matched_counterfactual.csv
amplitude_matched_frozen,2026074102,2250,30,0.3,22.80000000000072,0.0065698224062308,-0.0004806518554687,0.0070504519978011,0.966136313105663,0.5517713912067955,0.0906152152515288,0.0991978199704823,0.0503865424289827,0.1143101732511826,2250,phase_ensemble_v1/summaries/dynamic_recovery/amplitude_matched_3x3/checkpoint_2250/seed_2026074102/amplitude_matched_counterfactual.csv
natural_reference,2026074102,2250,40,0.4,22.90000000000072,0.8821859409742866,0.63336181640625,0.5638982781688212,0.9579830815397457,0.5492286775650205,0.1024521237325596,1.0,1.0,1.0,2250,phase_ensemble_v1/summaries/dynamic_recovery/amplitude_matched_3x3/checkpoint_2250/seed_2026074102/amplitude_matched_counterfactual.csv
nonlinear_recovery,2026074102,2250,40,0.4,22.90000000000072,0.7026479554996289,0.4019699096679687,0.419030385447962,0.9623520093837012,0.5527595562754165,0.0897590440341439,0.8160213634255166,0.6562039493073976,0.771492579765737,2250,phase_ensemble_v1/summaries/dynamic_recovery/amplitude_matched_3x3/checkpoint_2250/seed_2026074102/amplitude_matched_counterfactual.csv
amplitude_matched_frozen,2026074102,2250,40,0.4,22.90000000000072,-0.0139967942761772,-0.0115509033203125,-0.0024462864607389,0.9665522423689166,0.5527595562754164,0.089759044034144,0.081651287792551,0.0418055272166677,0.1066762068765592,2250,phase_ensemble_v1/summaries/dynamic_recovery/amplitude_matched_3x3/checkpoint_2250/seed_2026074102/amplitude_matched_counterfactual.csv
natural_reference,2026074102,2250,50,0.5,23.00000000000072,0.8781868747115208,0.6280136108398438,0.5578164738220849,0.95854439592482,0.548988783291112,0.1023362567778748,1.0,1.0,1.0,2250,phase_ensemble_v1/summaries/dynamic_recovery/amplitude_matched_3x3/checkpoint_2250/seed_2026074102/amplitude_matched_counterfactual.csv
nonlinear_recovery,2026074102,2250,50,0.5,23.00000000000072,0.7761861949150415,0.4630355834960937,0.4888409379581337,0.9611093626157846,0.5537971387716264,0.0895718646908238,0.8954764589286561,0.7548799564714684,0.8912014148648003,2250,phase_ensemble_v1/summaries/dynamic_recovery/amplitude_matched_3x3/checkpoint_2250/seed_2026074102/amplitude_matched_counterfactual.csv
amplitude_matched_frozen,2026074102,2250,50,0.5,23.00000000000072,-0.0384766779953364,-0.023193359375,-0.0152969696884066,0.9655415414886104,0.5537971387716262,0.0895718646908238,0.0606639025236549,0.0324536942574077,0.0959993134538035,2250,phase_ensemble_v1/summaries/dynamic_recovery/amplitude_matched_3x3/checkpoint_2250/seed_2026074102/amplitude_matched_counterfactual.csv
natural_reference,2026074102,2250,60,0.6,23.10000000000072,0.8737605430365469,0.6193313598632812,0.5544898964736623,0.9592206203247274,0.5487631466456104,0.1021659883678179,1.0,1.0,1.0,2250,phase_ensemble_v1/summaries/dynamic_recovery/amplitude_matched_3x3/checkpoint_2250/seed_2026074102/amplitude_matched_counterfactual.csv
nonlinear_recovery,2026074102,2250,60,0.6,23.10000000000072,0.8219811133882575,0.5106201171875,0.536570355351877,0.9591188796506314,0.5548318576575862,0.0897791527120232,0.9469398698881952,0.8384796753497019,0.9717346056699327,2250,phase_ensemble_v1/summaries/dynamic_recovery/amplitude_matched_3x3/checkpoint_2250/seed_2026074102/amplitude_matched_counterfactual.csv
amplitude_matched_frozen,2026074102,2250,60,0.6,23.10000000000072,-0.0614096190282189,-0.0325698852539062,-0.0288975318504435,0.963628028447834,0.5548318576575862,0.0897791527120232,0.0416995549607531,0.0314221587431136,0.0797936399868148,2250,phase_ensemble_v1/summaries/dynamic_recovery/amplitude_matched_3x3/checkpoint_2250/seed_2026074102/amplitude_matched_counterfactual.csv
natural_reference,2026074102,2250,70,0.7000000000000001,23.20000000000072,0.868948185618289,0.6134185791015625,0.5472065403609744,0.9598340450096834,0.5485574254159927,0.1019376566898431,1.0,1.0,1.0,2250,phase_ensemble_v1/summaries/dynamic_recovery/amplitude_matched_3x3/checkpoint_2250/seed_2026074102/amplitude_matched_counterfactual.csv
nonlinear_recovery,2026074102,2250,70,0.7000000000000001,23.20000000000072,0.8494747438115705,0.548095703125,0.5639508809017368,0.9567205270293496,0.555834175645095,0.0901943664765429,0.9800449065776204,0.9029449772155342,0.9735883087091892,2250,phase_ensemble_v1/summaries/dynamic_recovery/amplitude_matched_3x3/checkpoint_2250/seed_2026074102/amplitude_matched_counterfactual.csv
amplitude_matched_frozen,2026074102,2250,70,0.7000000000000001,23.20000000000072,-0.0778382496742741,-0.0328445434570312,-0.0451090302396177,0.9612296687199056,0.5558341756450949,0.0901943664765429,0.0297959675116866,0.0397991339635902,0.0657108317070296,2250,phase_ensemble_v1/summaries/dynamic_recovery/amplitude_matched_3x3/checkpoint_2250/seed_2026074102/amplitude_matched_counterfactual.csv
natural_reference,2026074102,2250,80,0.8,23.30000000000072,0.86389199801355,0.6049346923828125,0.5424305634501032,0.9602210296831832,0.5483774323473124,0.1016519044435521,1.0,1.0,1.0,2250,phase_ensemble_v1/summaries/dynamic_recovery/amplitude_matched_3x3/checkpoint_2250/seed_2026074102/amplitude_matched_counterfactual.csv
nonlinear_recovery,2026074102,2250,80,0.8,23.30000000000072,0.8651772164303899,0.576171875,0.5762712415395936,0.9543720567724836,0.5567901976308831,0.0906867649488947,0.9986829932874344,0.9572649572649572,0.9466213948172232,2250,phase_ensemble_v1/summaries/dynamic_recovery/amplitude_matched_3x3/checkpoint_2250/seed_2026074102/amplitude_matched_counterfactual.csv
amplitude_matched_frozen,2026074102,2250,80,0.8,23.30000000000072,-0.0886453690476384,-0.0291824340820312,-0.0596171578543273,0.9589652520209346,0.5567901976308831,0.0906867649488948,0.0239027935238683,0.0578453376861864,0.0503598204588003,2250,phase_ensemble_v1/summaries/dynamic_recovery/amplitude_matched_3x3/checkpoint_2250/seed_2026074102/amplitude_matched_counterfactual.csv
natural_reference,2026074102,2250,90,0.9,23.40000000000072,0.8591514106773177,0.5960617065429688,0.5392367633755452,0.960313749290688,0.5482286862567586,0.1013138878914769,1.0,1.0,1.0,2250,phase_ensemble_v1/summaries/dynamic_recovery/amplitude_matched_3x3/checkpoint_2250/seed_2026074102/amplitude_matched_counterfactual.csv
nonlinear_recovery,2026074102,2250,90,0.9,23.40000000000072,0.8735469846834967,0.59661865234375,0.5783490829649484,0.9526799500930502,0.5576971766069582,0.0911622155551158,0.9852483691884928,0.9991725044775442,0.93830616929057,2250,phase_ensemble_v1/summaries/dynamic_recovery/amplitude_matched_3x3/checkpoint_2250/seed_2026074102/amplitude_matched_counterfactual.csv
amplitude_matched_frozen,2026074102,2250,90,0.9,23.40000000000072,-0.09713383742634,-0.0219955444335937,-0.0752991705468849,0.957292409032124,0.557697176606958,0.0911622155551158,0.0200622132566122,0.0817066811761771,0.0306615340056755,2250,phase_ensemble_v1/summaries/dynamic_recovery/amplitude_matched_3x3/checkpoint_2250/seed_2026074102/amplitude_matched_counterfactual.csv
natural_reference,2026074102,2250,100,1.0,23.50000000000072,0.8551672578888896,0.5861968994140625,0.539339110060039,0.9601350444238956,0.5481160355470431,0.1009312512487585,1.0,1.0,1.0,2250,phase_ensemble_v1/summaries/dynamic_recovery/amplitude_matched_3x3/checkpoint_2250/seed_2026074102/amplitude_matched_counterfactual.csv
nonlinear_recovery,2026074102,2250,100,1.0,23.50000000000072,0.8772275467991711,0.6134185791015625,0.571148195356027,0.952148381310136,0.5585602319577111,0.0915572043741779,0.977394076994778,0.9595547393955882,0.9498259284063484,2250,phase_ensemble_v1/summaries/dynamic_recovery/amplitude_matched_3x3/checkpoint_2250/seed_2026074102/amplitude_matched_counterfactual.csv
amplitude_matched_frozen,2026074102,2250,100,1.0,23.50000000000072,-0.1028714754614491,-0.015106201171875,-0.0879018735552325,0.9560854230117588,0.5585602319577112,0.0915572043741779,0.0182653577105007,0.106599560180462,0.0106212195182316,2250,phase_ensemble_v1/summaries/dynamic_recovery/amplitude_matched_3x3/checkpoint_2250/seed_2026074102/amplitude_matched_counterfactual.csv
natural_reference,2026074102,2250,110,1.1,23.60000000000072,0.852208577161823,0.578460693359375,0.5399038176754931,0.9597324109744618,0.5480436238829544,0.1005096868165261,1.0,1.0,1.0,2250,phase_ensemble_v1/summaries/dynamic_recovery/amplitude_matched_3x3/checkpoint_2250/seed_2026074102/amplitude_matched_counterfactual.csv
nonlinear_recovery,2026074102,2250,110,1.1,23.60000000000072,0.8784504323361957,0.62457275390625,0.5624928970620161,0.9525078377632687,0.5593893524193647,0.0918376696673118,0.9731090848357122,0.931487904962706,0.9643691078876436,2250,phase_ensemble_v1/summaries/dynamic_recovery/amplitude_matched_3x3/checkpoint_2250/seed_2026074102/amplitude_matched_counterfactual.csv
amplitude_matched_frozen,2026074102,2250,110,1.1,23.60000000000072,-0.101380617463914,-0.0109481811523437,-0.0905329218221616,0.9556850467596812,0.5593893524193645,0.0918376696673118,0.0228249502990737,0.1242716905846879,0.0055803928818631,2250,phase_ensemble_v1/summaries/dynamic_recovery/amplitude_matched_3x3/checkpoint_2250/seed_2026074102/amplitude_matched_counterfactual.csv
natural_reference,2026074102,2250,120,1.2,23.70000000000072,0.8504520272289837,0.57147216796875,0.5427725768110412,0.9591060058637368,0.5480152492681695,0.1000504564201818,1.0,1.0,1.0,2250,phase_ensemble_v1/summaries/dynamic_recovery/amplitude_matched_3x3/checkpoint_2250/seed_2026074102/amplitude_matched_counterfactual.csv
nonlinear_recovery,2026074102,2250,120,1.2,23.70000000000072,0.8792631046449149,0.634246826171875,0.5539217015353431,0.9526640266688468,0.560196552395422,0.0919965020832745,0.9704763160441436,0.9067310526196468,0.9824139242949488,2250,phase_ensemble_v1/summaries/dynamic_recovery/amplitude_matched_3x3/checkpoint_2250/seed_2026074102/amplitude_matched_counterfactual.csv
amplitude_matched_frozen,2026074102,2250,120,1.2,23.70000000000072,-0.0916511835332732,-0.006072998046875,-0.0856258446139001,0.9559798599995456,0.5601965523954222,0.0919965020832745,0.0345950258367535,0.1418984787685052,0.0087955345924567,2250,phase_ensemble_v1/summaries/dynamic_recovery/amplitude_matched_3x3/checkpoint_2250/seed_2026074102/amplitude_matched_counterfactual.csv
natural_reference,2026074102,2250,130,1.3,23.80000000000072,0.8500204207206664,0.567352294921875,0.5459664921637069,0.9581949074635182,0.5480346939949409,0.0995535163242462,1.0,1.0,1.0,2250,phase_ensemble_v1/summaries/dynamic_recovery/amplitude_matched_3x3/checkpoint_2250/seed_2026074102/amplitude_matched_counterfactual.csv
nonlinear_recovery,2026074102,2250,130,1.3,23.80000000000072,0.880235039370112,0.64044189453125,0.5496557396565155,0.9515200033315598,0.5609934292561243,0.0920479067699344,0.969038059945662,0.8914053821215625,0.9941807642027912,2250,phase_ensemble_v1/summaries/dynamic_recovery/amplitude_matched_3x3/checkpoint_2250/seed_2026074102/amplitude_matched_counterfactual.csv
amplitude_matched_frozen,2026074102,2250,130,1.3,23.80000000000072,-0.0790836566225632,-0.0005950927734375,-0.0784922578605997,0.9563031301801052,0.5609934292561242,0.0920479067699343,0.0479156768218902,0.156158607086989,0.0150097766265034,2250,phase_ensemble_v1/summaries/dynamic_recovery/amplitude_matched_3x3/checkpoint_2250/seed_2026074102/amplitude_matched_counterfactual.csv
natural_reference,2026074102,2250,140,1.4,23.90000000000072,0.8506986409819228,0.562774658203125,0.5523738838685727,0.9569594922829424,0.5481055867702589,0.099022596159684,1.0,1.0,1.0,2250,phase_ensemble_v1/summaries/dynamic_recovery/amplitude_matched_3x3/checkpoint_2250/seed_2026074102/amplitude_matched_counterfactual.csv
nonlinear_recovery,2026074102,2250,140,1.4,23.90000000000072,0.8814577327802867,0.6455841064453125,0.5473405715208937,0.9487464630698766,0.5617895023554756,0.0920169790013394,0.9684801199235292,0.8769638849214446,0.992060703043306,2250,phase_ensemble_v1/summaries/dynamic_recovery/amplitude_matched_3x3/checkpoint_2250/seed_2026074102/amplitude_matched_counterfactual.csv
amplitude_matched_frozen,2026074102,2250,140,1.4,23.90000000000072,-0.0678454982741237,0.0054473876953125,-0.0732658083383248,0.9564477410942256,0.5617895023554756,0.0920169790013393,0.0587368019807506,0.1719376997891586,0.0131470170700458,2250,phase_ensemble_v1/summaries/dynamic_recovery/amplitude_matched_3x3/checkpoint_2250/seed_2026074102/amplitude_matched_counterfactual.csv
natural_reference,2026074102,2250,150,1.5,24.00000000000072,0.8521477134170428,0.56085205078125,0.5579615549150375,0.9554562455024218,0.5482309439959079,0.0984657907090306,1.0,1.0,1.0,2250,phase_ensemble_v1/summaries/dynamic_recovery/amplitude_matched_3x3/checkpoint_2250/seed_2026074102/amplitude_matched_counterfactual.csv
nonlinear_recovery,2026074102,2250,150,1.5,24.00000000000072,0.8827808022415371,0.649017333984375,0.5473785689714,0.9452513460717644,0.5625918574763539,0.0919248654598925,0.968609239425876,0.869006325239747,0.9833069234946644,2250,phase_ensemble_v1/summaries/dynamic_recovery/amplitude_matched_3x3/checkpoint_2250/seed_2026074102/amplitude_matched_counterfactual.csv
amplitude_matched_frozen,2026074102,2250,150,1.5,24.00000000000072,-0.0568671087821769,0.0121688842773437,-0.0689882525495143,0.956641511526658,0.5625918574763537,0.0919248654598925,0.0685018149665314,0.1847808837198757,0.0110805063193648,2250,phase_ensemble_v1/summaries/dynamic_recovery/amplitude_matched_3x3/checkpoint_2250/seed_2026074102/amplitude_matched_counterfactual.csv
natural_reference,2026074102,2250,160,1.6,24.10000000000072,0.8541603143109838,0.56109619140625,0.5627905585948493,0.9538074942594664,0.5484129167822259,0.0978915518158484,1.0,1.0,1.0,2250,phase_ensemble_v1/summaries/dynamic_recovery/amplitude_matched_3x3/checkpoint_2250/seed_2026074102/amplitude_matched_counterfactual.csv
nonlinear_recovery,2026074102,2250,160,1.6,24.10000000000072,0.8843251223376885,0.6478652954101562,0.5536709659216796,0.9429235704915454,0.5634061016169737,0.0917796336383138,0.9690891025728507,0.8710807318234374,0.98561520737139,2250,phase_ensemble_v1/summaries/dynamic_recovery/amplitude_matched_3x3/checkpoint_2250/seed_2026074102/amplitude_matched_counterfactual.csv
amplitude_matched_frozen,2026074102,2250,160,1.6,24.10000000000072,-0.0456179409091868,0.0189361572265625,-0.0644983825945694,0.9572001087250928,0.5634061016169737,0.0917796336383138,0.0779668370616701,0.1944727833321997,0.0105455736222138,2250,phase_ensemble_v1/summaries/dynamic_recovery/amplitude_matched_3x3/checkpoint_2250/seed_2026074102/amplitude_matched_counterfactual.csv
natural_reference,2026074102,2250,170,1.7,24.20000000000072,0.8565122593676197,0.5626907348632812,0.5671699303734178,0.9521359752142784,0.5486529279087797,0.0973059007961174,1.0,1.0,1.0,2250,phase_ensemble_v1/summaries/dynamic_recovery/amplitude_matched_3x3/checkpoint_2250/seed_2026074102/amplitude_matched_counterfactual.csv
nonlinear_recovery,2026074102,2250,170,1.7,24.20000000000072,0.8863248959486463,0.6479873657226562,0.5599079986640247,0.9433202245060728,0.5642375154131194,0.0915817043291388,0.9694499845457938,0.8732684939581491,0.9885453895292848,2250,phase_ensemble_v1/summaries/dynamic_recovery/amplitude_matched_3x3/checkpoint_2250/seed_2026074102/amplitude_matched_counterfactual.csv
amplitude_matched_frozen,2026074102,2250,170,1.7,24.20000000000072,-0.0379616681544249,0.0230255126953125,-0.0609339193108067,0.9581642648141327,0.5642375154131192,0.0915817043291388,0.0834023607769747,0.1981795098505974,0.0092601774286357,2250,phase_ensemble_v1/summaries/dynamic_recovery/amplitude_matched_3x3/checkpoint_2250/seed_2026074102/amplitude_matched_counterfactual.csv
natural_reference,2026074102,2250,180,1.8,24.30000000000072,0.8589168587790064,0.5648345947265625,0.5711954045691187,0.9505495581349096,0.5489518617861919,0.0967141915972053,1.0,1.0,1.0,2250,phase_ensemble_v1/summaries/dynamic_recovery/amplitude_matched_3x3/checkpoint_2250/seed_2026074102/amplitude_matched_counterfactual.csv
nonlinear_recovery,2026074102,2250,180,1.8,24.30000000000072,0.8891574901881945,0.6502914428710938,0.5663171267445841,0.946408106996457,0.5650911875038306,0.091336309300871,0.9690114037923232,0.8730304473010043,0.9923052468015232,2250,phase_ensemble_v1/summaries/dynamic_recovery/amplitude_matched_3x3/checkpoint_2250/seed_2026074102/amplitude_matched_counterfactual.csv
amplitude_matched_frozen,2026074102,2250,180,1.8,24.30000000000072,-0.0373878128675809,0.0244598388671875,-0.0617911437413348,0.95925415756852,0.5650911875038305,0.091336309300871,0.0815263354497458,0.197125303226099,0.0015584510770914,2250,phase_ensemble_v1/summaries/dynamic_recovery/amplitude_matched_3x3/checkpoint_2250/seed_2026074102/amplitude_matched_counterfactual.csv
natural_reference,2026074102,2250,190,1.9,24.40000000000072,0.8611308832753926,0.5704269409179688,0.5713658504684193,0.9491576651035604,0.5493099366182346,0.096124952338565,1.0,1.0,1.0,2250,phase_ensemble_v1/summaries/dynamic_recovery/amplitude_matched_3x3/checkpoint_2250/seed_2026074102/amplitude_matched_counterfactual.csv
nonlinear_recovery,2026074102,2250,190,1.9,24.40000000000072,0.8925491798637845,0.652679443359375,0.5746050441480584,0.9507729325969596,0.5659711607413377,0.0910592253515738,0.9678046105143528,0.8777913804439004,0.9948906567392424,2250,phase_ensemble_v1/summaries/dynamic_recovery/amplitude_matched_3x3/checkpoint_2250/seed_2026074102/amplitude_matched_counterfactual.csv
amplitude_matched_frozen,2026074102,2250,190,1.9,24.40000000000072,-0.0430431771401665,0.01873779296875,-0.061731181803168,0.9601258360079,0.5659711607413378,0.0910592253515738,0.0734623070350215,0.1803146750096352,0.0013841791631303,2250,phase_ensemble_v1/summaries/dynamic_recovery/amplitude_matched_3x3/checkpoint_2250/seed_2026074102/amplitude_matched_counterfactual.csv
natural_reference,2026074102,2250,200,2.0,24.50000000000072,0.8632337880012648,0.5772857666015625,0.5699951989416318,0.9480842046483616,0.5497262757510566,0.0955514933351926,1.0,1.0,1.0,2250,phase_ensemble_v1/summaries/dynamic_recovery/amplitude_matched_3x3/checkpoint_2250/seed_2026074102/amplitude_matched_counterfactual.csv
nonlinear_recovery,2026074102,2250,200,2.0,24.50000000000072,0.8959560410479533,0.6517105102539062,0.5869931756309279,0.9548815470873674,0.5668794267146178,0.0907754268290429,0.9664684022979372,0.8894216599786892,0.9731882356433702,2250,phase_ensemble_v1/summaries/dynamic_recovery/amplitude_matched_3x3/checkpoint_2250/seed_2026074102/amplitude_matched_counterfactual.csv
amplitude_matched_frozen,2026074102,2250,200,2.0,24.50000000000072,-0.0535891864877474,0.0073165893554687,-0.0608819046528724,0.9610885408314792,0.5668794267146178,0.0907754268290429,0.0605005376399305,0.1531546849849236,0.0048857844227703,2250,phase_ensemble_v1/summaries/dynamic_recovery/amplitude_matched_3x3/checkpoint_2250/seed_2026074102/amplitude_matched_counterfactual.csv
natural_reference,2026074102,2250,210,2.1,24.60000000000072,0.8652670745681211,0.5832290649414062,0.569369914617403,0.9474718887008544,0.5501985114441628,0.0950096702540105,1.0,1.0,1.0,2250,phase_ensemble_v1/summaries/dynamic_recovery/amplitude_matched_3x3/checkpoint_2250/seed_2026074102/amplitude_matched_counterfactual.csv
nonlinear_recovery,2026074102,2250,210,2.1,24.60000000000072,0.8993793038108043,0.6497573852539062,0.6005989231579564,0.957922823867474,0.5678150351049887,0.0905187718555714,0.9650440467514828,0.9011539595093973,0.9507409126753448,2250,phase_ensemble_v1/summaries/dynamic_recovery/amplitude_matched_3x3/checkpoint_2250/seed_2026074102/amplitude_matched_counterfactual.csv
amplitude_matched_frozen,2026074102,2250,210,2.1,24.60000000000072,-0.0646445907052159,-0.0058135986328125,-0.0588531101131279,0.9616424475354056,0.5678150351049883,0.0905187718555713,0.0470881141982908,0.1248157972295903,0.009072196628499,2250,phase_ensemble_v1/summaries/dynamic_recovery/amplitude_matched_3x3/checkpoint_2250/seed_2026074102/amplitude_matched_counterfactual.csv
natural_reference,2026074102,2250,220,2.2,24.70000000000072,0.8674422677463526,0.5891647338867188,0.5691519866580314,0.9474649581055768,0.5507227592970932,0.0945130701371053,1.0,1.0,1.0,2250,phase_ensemble_v1/summaries/dynamic_recovery/amplitude_matched_3x3/checkpoint_2250/seed_2026074102/amplitude_matched_counterfactual.csv
nonlinear_recovery,2026074102,2250,220,2.2,24.70000000000072,0.902860712669589,0.6508865356445312,0.6110833403852235,0.9597649993940744,0.5687733461610787,0.0903274655638946,0.963705523433729,0.9082953592237412,0.9338595648271524,2250,phase_ensemble_v1/summaries/dynamic_recovery/amplitude_matched_3x3/checkpoint_2250/seed_2026074102/amplitude_matched_counterfactual.csv
amplitude_matched_frozen,2026074102,2250,220,2.2,24.70000000000072,-0.074048241036457,-0.0156173706054687,-0.0584985203910536,0.961615350874294,0.5687733461610787,0.0903274655638946,0.0352228822455642,0.1014305470538892,0.0099752575895486,2250,phase_ensemble_v1/summaries/dynamic_recovery/amplitude_matched_3x3/checkpoint_2250/seed_2026074102/amplitude_matched_counterfactual.csv
natural_reference,2026074102,2250,230,2.3000000000000003,24.80000000000072,0.8695550639606957,0.5944442749023438,0.5694720446959806,0.9481573769568858,0.5512940986031996,0.0940681656446834,1.0,1.0,1.0,2250,phase_ensemble_v1/summaries/dynamic_recovery/amplitude_matched_3x3/checkpoint_2250/seed_2026074102/amplitude_matched_counterfactual.csv
nonlinear_recovery,2026074102,2250,230,2.3000000000000003,24.80000000000072,0.9064478576290084,0.653656005859375,0.6203558453614786,0.96068368037341,0.5697462731751833,0.0902294795268496,0.9621947084870348,0.9120247568523432,0.919738419580716,2250,phase_ensemble_v1/summaries/dynamic_recovery/amplitude_matched_3x3/checkpoint_2250/seed_2026074102/amplitude_matched_counterfactual.csv
amplitude_matched_frozen,2026074102,2250,230,2.3000000000000003,24.80000000000072,-0.0799627852578805,-0.0208053588867187,-0.0592560078920766,0.9612147347512549,0.5697462731751831,0.0902294795268496,0.02699699542397,0.0858781654537622,0.0082755907643403,2250,phase_ensemble_v1/summaries/dynamic_recovery/amplitude_matched_3x3/checkpoint_2250/seed_2026074102/amplitude_matched_counterfactual.csv
natural_reference,2026074102,2250,240,2.4,24.90000000000072,0.8714428881279003,0.5978164672851562,0.5712009067388164,0.9495039657317786,0.5519074321291924,0.0936719045382269,1.0,1.0,1.0,2250,phase_ensemble_v1/summaries/dynamic_recovery/amplitude_matched_3x3/checkpoint_2250/seed_2026074102/amplitude_matched_counterfactual.csv
nonlinear_recovery,2026074102,2250,240,2.4,24.90000000000072,0.9097826419035356,0.6561279296875,0.6293127854252026,0.9611709204871391,0.5707240023676909,0.090230349060792,0.9607119596023403,0.9133623523543948,0.9083372082371668,2250,phase_ensemble_v1/summaries/dynamic_recovery/amplitude_matched_3x3/checkpoint_2250/seed_2026074102/amplitude_matched_counterfactual.csv
amplitude_matched_frozen,2026074102,2250,240,2.4,24.90000000000072,-0.0826333623466104,-0.0220184326171875,-0.0607254170218344,0.9603393749290856,0.5707240023676908,0.0902303490607919,0.0223258477233369,0.0790654968373801,0.0032307966340964,2250,phase_ensemble_v1/summaries/dynamic_recovery/amplitude_matched_3x3/checkpoint_2250/seed_2026074102/amplitude_matched_counterfactual.csv
natural_reference,2026074102,2250,250,2.5,25.00000000000072,0.8728743304692097,0.6002349853515625,0.5726871669918971,0.9512467597039796,0.5525584107047555,0.0933128569797608,1.0,1.0,1.0,2250,phase_ensemble_v1/summaries/dynamic_recovery/amplitude_matched_3x3/checkpoint_2250/seed_2026074102/amplitude_matched_counterfactual.csv
nonlinear_recovery,2026074102,2250,250,2.5,25.00000000000072,0.9127284036297352,0.6593246459960938,0.6363480338695643,0.961690068280431,0.5716973124886449,0.0903138340463942,0.9591601853912516,0.9122061257339772,0.8995845098118282,2250,phase_ensemble_v1/summaries/dynamic_recovery/amplitude_matched_3x3/checkpoint_2250/seed_2026074102/amplitude_matched_counterfactual.csv
amplitude_matched_frozen,2026074102,2250,250,2.5,25.00000000000072,-0.0847582371640507,-0.0224533081054687,-0.0624237278306471,0.9594844526001832,0.5716973124886446,0.0903138340463942,0.0186815694366923,0.0748259992291822,-0.0017923876218388,2250,phase_ensemble_v1/summaries/dynamic_recovery/amplitude_matched_3x3/checkpoint_2250/seed_2026074102/amplitude_matched_counterfactual.csv
natural_reference,2026074102,2250,260,2.6,25.10000000000072,0.8733488642292621,0.601226806640625,0.5729859483635982,0.9529860288268645,0.5532440836090836,0.0929753480450507,1.0,1.0,1.0,2250,phase_ensemble_v1/summaries/dynamic_recovery/amplitude_matched_3x3/checkpoint_2250/seed_2026074102/amplitude_matched_counterfactual.csv
nonlinear_recovery,2026074102,2250,260,2.6,25.10000000000072,0.915500777322322,0.6627349853515625,0.6427355666851579,0.9624773038686047,0.572659293213188,0.0904520100700762,0.95680551121611,0.908612754766601,0.8899804156349879,2250,phase_ensemble_v1/summaries/dynamic_recovery/amplitude_matched_3x3/checkpoint_2250/seed_2026074102/amplitude_matched_counterfactual.csv
amplitude_matched_frozen,2026074102,2250,260,2.6,25.10000000000072,-0.0890036207018714,-0.0251693725585937,-0.0639775684714106,0.959174183266342,0.5726592932131878,0.0904520100700762,0.0138449107936132,0.0693169194495454,-0.0047146215881543,2250,phase_ensemble_v1/summaries/dynamic_recovery/amplitude_matched_3x3/checkpoint_2250/seed_2026074102/amplitude_matched_counterfactual.csv
natural_reference,2026074102,2250,270,2.7,25.20000000000072,0.8728823300651457,0.6009750366210938,0.5719312899093403,0.9544071627439834,0.5539630517595244,0.0926449261504379,1.0,1.0,1.0,2250,phase_ensemble_v1/summaries/dynamic_recovery/amplitude_matched_3x3/checkpoint_2250/seed_2026074102/amplitude_matched_counterfactual.csv
nonlinear_recovery,2026074102,2250,270,2.7,25.20000000000072,0.9180442750072972,0.6657562255859375,0.6488784874967637,0.9635149875076562,0.5736058871867331,0.090617805071761,0.9537210299339036,0.9037498016277856,0.8786273115131294,2250,phase_ensemble_v1/summaries/dynamic_recovery/amplitude_matched_3x3/checkpoint_2250/seed_2026074102/amplitude_matched_counterfactual.csv
amplitude_matched_frozen,2026074102,2250,270,2.7,25.20000000000072,-0.0937428944083873,-0.0274200439453125,-0.0664937683248652,0.9592929994695966,0.5736058871867331,0.090617805071761,0.009466490297414,0.0663470040127864,-0.0070199844150959,2250,phase_ensemble_v1/summaries/dynamic_recovery/amplitude_matched_3x3/checkpoint_2250/seed_2026074102/amplitude_matched_counterfactual.csv
natural_reference,2026074102,2250,280,2.8000000000000003,25.30000000000072,0.8714353612472421,0.59857177734375,0.5703868305861866,0.95542126629871,0.5547151025730931,0.0923128622470887,1.0,1.0,1.0,2250,phase_ensemble_v1/summaries/dynamic_recovery/amplitude_matched_3x3/checkpoint_2250/seed_2026074102/amplitude_matched_counterfactual.csv
nonlinear_recovery,2026074102,2250,280,2.8000000000000003,25.30000000000072,0.9202161466641896,0.670623779296875,0.6518794523043943,0.9646177293772498,0.5745352341118045,0.0907957635819424,0.9500126818939426,0.8929470176154526,0.8714575852025697,2250,phase_ensemble_v1/summaries/dynamic_recovery/amplitude_matched_3x3/checkpoint_2250/seed_2026074102/amplitude_matched_counterfactual.csv
amplitude_matched_frozen,2026074102,2250,280,2.8000000000000003,25.30000000000072,-0.0956413100361059,-0.0304183959960937,-0.0654132177867716,0.9594724052207798,0.5745352341118044,0.0907957635819424,0.0090038775063878,0.06546283071482,-0.0028794242107799,2250,phase_ensemble_v1/summaries/dynamic_recovery/amplitude_matched_3x3/checkpoint_2250/seed_2026074102/amplitude_matched_counterfactual.csv
natural_reference,2026074102,2250,290,2.9,25.40000000000072,0.8694886290332939,0.5947799682617188,0.5689368851740235,0.956087277098493,0.5555005257781173,0.0919778638603378,1.0,1.0,1.0,2250,phase_ensemble_v1/summaries/dynamic_recovery/amplitude_matched_3x3/checkpoint_2250/seed_2026074102/amplitude_matched_counterfactual.csv
nonlinear_recovery,2026074102,2250,290,2.9,25.40000000000072,0.9217886502085746,0.6737289428710938,0.6545727464590944,0.9655494385790324,0.5754462233801358,0.0909862611763111,0.9464064021705147,0.882699675803124,0.864922244851753,2250,phase_ensemble_v1/summaries/dynamic_recovery/amplitude_matched_3x3/checkpoint_2250/seed_2026074102/amplitude_matched_counterfactual.csv
amplitude_matched_frozen,2026074102,2250,290,2.9,25.40000000000072,-0.0931411576830331,-0.0324935913085937,-0.0608316728673533,0.9595759108001848,0.575446223380136,0.0909862611763111,0.013560750290059,0.0680133306128001,0.0066343491309309,2250,phase_ensemble_v1/summaries/dynamic_recovery/amplitude_matched_3x3/checkpoint_2250/seed_2026074102/amplitude_matched_counterfactual.csv
natural_reference,2026074102,2250,300,3.0,25.50000000000072,0.8676476917439593,0.5920333862304688,0.5667302719407737,0.956531388243486,0.5563194048238435,0.0916449991900173,1.0,1.0,1.0,2250,phase_ensemble_v1/summaries/dynamic_recovery/amplitude_matched_3x3/checkpoint_2250/seed_2026074102/amplitude_matched_counterfactual.csv
nonlinear_recovery,2026074102,2250,300,3.0,25.50000000000072,0.922390591390846,0.6773834228515625,0.653025233299782,0.966133394972911,0.5763370921944612,0.0912004632393296,0.9439031021065478,0.8731891450724342,0.8638826131242323,2250,phase_ensemble_v1/summaries/dynamic_recovery/amplitude_matched_3x3/checkpoint_2250/seed_2026074102/amplitude_matched_counterfactual.csv
amplitude_matched_frozen,2026074102,2250,300,3.0,25.50000000000072,-0.0867694154529074,-0.0334014892578125,-0.0535230481758078,0.9597406647907324,0.5763370921944613,0.0912004632393296,0.0219765603294713,0.0707451993924142,0.0216432129327934,2250,phase_ensemble_v1/summaries/dynamic_recovery/amplitude_matched_3x3/checkpoint_2250/seed_2026074102/amplitude_matched_counterfactual.csv
natural_reference,2026074103,2250,0,0.0,22.50000000000072,0.8904127276863568,0.6455307006835938,0.5759067478932679,0.9579675767590622,0.5502480479905456,0.1026049487183782,1.0,1.0,1.0,2250,phase_ensemble_v1/summaries/dynamic_recovery/amplitude_matched_3x3/checkpoint_2250/seed_2026074103/amplitude_matched_counterfactual.csv
nonlinear_recovery,2026074103,2250,0,0.0,22.50000000000072,-0.0419663076172154,-0.04095458984375,-0.0010134596196032,0.9638066743839508,0.5502480479905456,0.1026049487183783,0.0,0.0,0.0,2250,phase_ensemble_v1/summaries/dynamic_recovery/amplitude_matched_3x3/checkpoint_2250/seed_2026074103/amplitude_matched_counterfactual.csv
amplitude_matched_frozen,2026074103,2250,0,0.0,22.50000000000072,-0.0419663076172153,-0.04095458984375,-0.0010134596196032,0.9638066743839512,0.5502480479905456,0.1026049487183782,1.1102230246251563e-16,0.0,0.0,2250,phase_ensemble_v1/summaries/dynamic_recovery/amplitude_matched_3x3/checkpoint_2250/seed_2026074103/amplitude_matched_counterfactual.csv
natural_reference,2026074103,2250,10,0.1,22.60000000000072,0.8898686640994065,0.643096923828125,0.5769358685163279,0.9577420808516574,0.5499889226579213,0.1025791189991246,1.0,1.0,1.0,2250,phase_ensemble_v1/summaries/dynamic_recovery/amplitude_matched_3x3/checkpoint_2250/seed_2026074103/amplitude_matched_counterfactual.csv
nonlinear_recovery,2026074103,2250,10,0.1,22.60000000000072,0.1975187086738546,0.074432373046875,0.1249229257741578,0.968137027389761,0.5503297785914766,0.0963381247579409,0.2574372339891466,0.1716289356405383,0.2165070024313793,2250,phase_ensemble_v1/summaries/dynamic_recovery/amplitude_matched_3x3/checkpoint_2250/seed_2026074103/amplitude_matched_counterfactual.csv
amplitude_matched_frozen,2026074103,2250,10,0.1,22.60000000000072,0.0128810120809994,-0.0152587890625,0.0281342713905442,0.9670539089149096,0.5503297785914768,0.0963381247579408,0.0594086537640032,0.0409762277864834,0.0487391670822348,2250,phase_ensemble_v1/summaries/dynamic_recovery/amplitude_matched_3x3/checkpoint_2250/seed_2026074103/amplitude_matched_counterfactual.csv
natural_reference,2026074103,2250,20,0.2,22.70000000000072,0.8882499588419999,0.6413726806640625,0.5737319358845897,0.9575907557891332,0.5497319823921573,0.1025579679482091,1.0,1.0,1.0,2250,phase_ensemble_v1/summaries/dynamic_recovery/amplitude_matched_3x3/checkpoint_2250/seed_2026074103/amplitude_matched_counterfactual.csv
nonlinear_recovery,2026074103,2250,20,0.2,22.70000000000072,0.3998944751836543,0.1753616333007812,0.2414659165609225,0.9690448847856036,0.550890914590581,0.0927787709003946,0.476226443144614,0.3211638271152157,0.424069368698176,2250,phase_ensemble_v1/summaries/dynamic_recovery/amplitude_matched_3x3/checkpoint_2250/seed_2026074103/amplitude_matched_counterfactual.csv
amplitude_matched_frozen,2026074103,2250,20,0.2,22.70000000000072,0.0500072303412439,0.0031585693359375,0.0468560619814122,0.9683679815148571,0.550890914590581,0.0927787709003946,0.1009635601385725,0.070316407161671,0.0867439430236582,2250,phase_ensemble_v1/summaries/dynamic_recovery/amplitude_matched_3x3/checkpoint_2250/seed_2026074103/amplitude_matched_counterfactual.csv
natural_reference,2026074103,2250,30,0.3,22.80000000000072,0.8856295421917081,0.6386566162109375,0.5685552761031375,0.9576530005129498,0.5494777509812775,0.1025216245582647,1.0,1.0,1.0,2250,phase_ensemble_v1/summaries/dynamic_recovery/amplitude_matched_3x3/checkpoint_2250/seed_2026074103/amplitude_matched_counterfactual.csv
nonlinear_recovery,2026074103,2250,30,0.3,22.80000000000072,0.5528615229003078,0.2598037719726562,0.3422114695519876,0.968379955792775,0.5517192952147151,0.090865217626195,0.6430979175941524,0.4481267851387546,0.6076687839954018,2250,phase_ensemble_v1/summaries/dynamic_recovery/amplitude_matched_3x3/checkpoint_2250/seed_2026074103/amplitude_matched_counterfactual.csv
amplitude_matched_frozen,2026074103,2250,30,0.3,22.80000000000072,0.0656430292958589,0.0127639770507812,0.0529233949646462,0.9682810129605092,0.551719295214715,0.0908652176261949,0.1205438112099221,0.0882650396203558,0.1062336274172066,2250,phase_ensemble_v1/summaries/dynamic_recovery/amplitude_matched_3x3/checkpoint_2250/seed_2026074103/amplitude_matched_counterfactual.csv
natural_reference,2026074103,2250,40,0.4,22.90000000000072,0.8821859409742866,0.63336181640625,0.5638982781688212,0.9579830815397457,0.5492286775650205,0.1024521237325596,1.0,1.0,1.0,2250,phase_ensemble_v1/summaries/dynamic_recovery/amplitude_matched_3x3/checkpoint_2250/seed_2026074103/amplitude_matched_counterfactual.csv
nonlinear_recovery,2026074103,2250,40,0.4,22.90000000000072,0.6625208133125888,0.3345184326171875,0.4213940059555767,0.9673100138041528,0.5526832627318488,0.0899882053460916,0.7644036176873312,0.5646762022249636,0.7529913662972791,2250,phase_ensemble_v1/summaries/dynamic_recovery/amplitude_matched_3x3/checkpoint_2250/seed_2026074103/amplitude_matched_counterfactual.csv
amplitude_matched_frozen,2026074103,2250,40,0.4,22.90000000000072,0.0669983938965811,0.0165557861328125,0.0504986213941737,0.96752832967864,0.5526832627318488,0.0899882053460916,0.1256908229255826,0.1015014614521165,0.110102835558601,2250,phase_ensemble_v1/summaries/dynamic_recovery/amplitude_matched_3x3/checkpoint_2250/seed_2026074103/amplitude_matched_counterfactual.csv
natural_reference,2026074103,2250,50,0.5,23.00000000000072,0.8781868747115208,0.6280136108398438,0.5578164738220849,0.95854439592482,0.548988783291112,0.1023362567778748,1.0,1.0,1.0,2250,phase_ensemble_v1/summaries/dynamic_recovery/amplitude_matched_3x3/checkpoint_2250/seed_2026074103/amplitude_matched_counterfactual.csv
nonlinear_recovery,2026074103,2250,50,0.5,23.00000000000072,0.7394218779936248,0.396820068359375,0.4848715905436073,0.966251770012856,0.5536999303661907,0.0897591093848089,0.8511710458261048,0.663221418330944,0.8735615734575389,2250,phase_ensemble_v1/summaries/dynamic_recovery/amplitude_matched_3x3/checkpoint_2250/seed_2026074103/amplitude_matched_counterfactual.csv
amplitude_matched_frozen,2026074103,2250,50,0.5,23.00000000000072,0.0598941845943644,0.0164947509765625,0.0434423520402989,0.9666328862581768,0.5536999303661909,0.0897591093848089,0.122360478803849,0.1092032585381033,0.1084137544786723,2250,phase_ensemble_v1/summaries/dynamic_recovery/amplitude_matched_3x3/checkpoint_2250/seed_2026074103/amplitude_matched_counterfactual.csv
natural_reference,2026074103,2250,60,0.6,23.10000000000072,0.8737605430365469,0.6193313598632812,0.5544898964736623,0.9592206203247274,0.5487631466456104,0.1021659883678179,1.0,1.0,1.0,2250,phase_ensemble_v1/summaries/dynamic_recovery/amplitude_matched_3x3/checkpoint_2250/seed_2026074103/amplitude_matched_counterfactual.csv
nonlinear_recovery,2026074103,2250,60,0.6,23.10000000000072,0.7920595487247024,0.45147705078125,0.5301692920455298,0.9651762516187102,0.5547183984639006,0.0899166800443541,0.9123736257269623,0.7554873915024617,0.95784407598933,2250,phase_ensemble_v1/summaries/dynamic_recovery/amplitude_matched_3x3/checkpoint_2250/seed_2026074103/amplitude_matched_counterfactual.csv
amplitude_matched_frozen,2026074103,2250,60,0.6,23.10000000000072,0.0492054810802361,0.017578125,0.0316547355302596,0.9656649025707248,0.5547183984639006,0.0899166800443541,0.1156439272705818,0.1234288000533457,0.0937478803223612,2250,phase_ensemble_v1/summaries/dynamic_recovery/amplitude_matched_3x3/checkpoint_2250/seed_2026074103/amplitude_matched_counterfactual.csv
natural_reference,2026074103,2250,70,0.7000000000000001,23.20000000000072,0.868948185618289,0.6134185791015625,0.5472065403609744,0.9598340450096834,0.5485574254159927,0.1019376566898431,1.0,1.0,1.0,2250,phase_ensemble_v1/summaries/dynamic_recovery/amplitude_matched_3x3/checkpoint_2250/seed_2026074103/amplitude_matched_counterfactual.csv
nonlinear_recovery,2026074103,2250,70,0.7000000000000001,23.20000000000072,0.8273357309560729,0.4970932006835937,0.5609338490771127,0.964107391422039,0.5557094882109408,0.0902825946178608,0.9553695942458986,0.8305493504039831,0.9762058798818688,2250,phase_ensemble_v1/summaries/dynamic_recovery/amplitude_matched_3x3/checkpoint_2250/seed_2026074103/amplitude_matched_counterfactual.csv
amplitude_matched_frozen,2026074103,2250,70,0.7000000000000001,23.20000000000072,0.0378368024861341,0.0188217163085937,0.0190286374895164,0.9642162892874632,0.5557094882109409,0.0902825946178609,0.1086121076697588,0.1338534546949843,0.084487081587146,2250,phase_ensemble_v1/summaries/dynamic_recovery/amplitude_matched_3x3/checkpoint_2250/seed_2026074103/amplitude_matched_counterfactual.csv
natural_reference,2026074103,2250,80,0.8,23.30000000000072,0.86389199801355,0.6049346923828125,0.5424305634501032,0.9602210296831832,0.5483774323473124,0.1016519044435521,1.0,1.0,1.0,2250,phase_ensemble_v1/summaries/dynamic_recovery/amplitude_matched_3x3/checkpoint_2250/seed_2026074103/amplitude_matched_counterfactual.csv
nonlinear_recovery,2026074103,2250,80,0.8,23.30000000000072,0.85153126084595,0.5345993041992188,0.5817699294779672,0.9632938699040458,0.5566587378861662,0.0907378822139929,0.9867427980471746,0.897542759977328,0.931811426405988,2250,phase_ensemble_v1/summaries/dynamic_recovery/amplitude_matched_3x3/checkpoint_2250/seed_2026074103/amplitude_matched_counterfactual.csv
amplitude_matched_frozen,2026074103,2250,80,0.8,23.30000000000072,0.0274307055875008,0.0212173461914062,0.006216977719258,0.962436586660232,0.5566587378861662,0.0907378822139929,0.1028741951992662,0.1497015970393092,0.0705584953550406,2250,phase_ensemble_v1/summaries/dynamic_recovery/amplitude_matched_3x3/checkpoint_2250/seed_2026074103/amplitude_matched_counterfactual.csv
natural_reference,2026074103,2250,90,0.9,23.40000000000072,0.8591514106773177,0.5960617065429688,0.5392367633755452,0.960313749290688,0.5482286862567586,0.1013138878914769,1.0,1.0,1.0,2250,phase_ensemble_v1/summaries/dynamic_recovery/amplitude_matched_3x3/checkpoint_2250/seed_2026074103/amplitude_matched_counterfactual.csv
nonlinear_recovery,2026074103,2250,90,0.9,23.40000000000072,0.8680437681753226,0.5632095336914062,0.5964167168283319,0.9630027610491676,0.5575612661517986,0.0912076532250397,0.9904627226038928,0.9521443892463796,0.9008875877319464,2250,phase_ensemble_v1/summaries/dynamic_recovery/amplitude_matched_3x3/checkpoint_2250/seed_2026074103/amplitude_matched_counterfactual.csv
amplitude_matched_frozen,2026074103,2250,90,0.9,23.40000000000072,0.0150661579316453,0.0193252563476562,-0.0042603388450397,0.9612984826949638,0.5575612661517987,0.0912076532250398,0.0946973057251898,0.1598706364818457,0.0579336706481035,2250,phase_ensemble_v1/summaries/dynamic_recovery/amplitude_matched_3x3/checkpoint_2250/seed_2026074103/amplitude_matched_counterfactual.csv
natural_reference,2026074103,2250,100,1.0,23.50000000000072,0.8551672578888896,0.5861968994140625,0.539339110060039,0.9601350444238956,0.5481160355470431,0.1009312512487585,1.0,1.0,1.0,2250,phase_ensemble_v1/summaries/dynamic_recovery/amplitude_matched_3x3/checkpoint_2250/seed_2026074103/amplitude_matched_counterfactual.csv
nonlinear_recovery,2026074103,2250,100,1.0,23.50000000000072,0.8787959875777444,0.5839996337890625,0.605600590276127,0.963174140920936,0.5584180115674048,0.0916483931544137,0.9746575922514586,0.9967992531590704,0.8851461963834752,2250,phase_ensemble_v1/summaries/dynamic_recovery/amplitude_matched_3x3/checkpoint_2250/seed_2026074103/amplitude_matched_counterfactual.csv
amplitude_matched_frozen,2026074103,2250,100,1.0,23.50000000000072,0.0005692583290971,0.0125198364257812,-0.0119506632693141,0.9610122422680508,0.5584180115674048,0.0916483931544136,0.0834221199734025,0.1643272319096678,0.0444263068787482,2250,phase_ensemble_v1/summaries/dynamic_recovery/amplitude_matched_3x3/checkpoint_2250/seed_2026074103/amplitude_matched_counterfactual.csv
natural_reference,2026074103,2250,110,1.1,23.60000000000072,0.852208577161823,0.578460693359375,0.5399038176754931,0.9597324109744618,0.5480436238829544,0.1005096868165261,1.0,1.0,1.0,2250,phase_ensemble_v1/summaries/dynamic_recovery/amplitude_matched_3x3/checkpoint_2250/seed_2026074103/amplitude_matched_counterfactual.csv
nonlinear_recovery,2026074103,2250,110,1.1,23.60000000000072,0.8854701084423221,0.5965805053710938,0.6123840551453841,0.9633332437986792,0.5592331754014139,0.0920365857825165,0.9643261699147176,0.97360495226664,0.8743669635314795,2250,phase_ensemble_v1/summaries/dynamic_recovery/amplitude_matched_3x3/checkpoint_2250/seed_2026074103/amplitude_matched_counterfactual.csv
amplitude_matched_frozen,2026074103,2250,110,1.1,23.60000000000072,-0.011853008921381,0.0033493041992187,-0.0152017096228739,0.9611441721108386,0.5592331754014136,0.0920365857825165,0.0732721850595073,0.1622378554996165,0.0378123004367415,2250,phase_ensemble_v1/summaries/dynamic_recovery/amplitude_matched_3x3/checkpoint_2250/seed_2026074103/amplitude_matched_counterfactual.csv
natural_reference,2026074103,2250,120,1.2,23.70000000000072,0.8504520272289837,0.57147216796875,0.5427725768110412,0.9591060058637368,0.5480152492681695,0.1000504564201818,1.0,1.0,1.0,2250,phase_ensemble_v1/summaries/dynamic_recovery/amplitude_matched_3x3/checkpoint_2250/seed_2026074103/amplitude_matched_counterfactual.csv
nonlinear_recovery,2026074103,2250,120,1.2,23.70000000000072,0.8885217199211902,0.6056442260742188,0.6124586987512991,0.9629014798644828,0.5600127079078179,0.092359483624166,0.9591692956933427,0.9502217184009604,0.8792101212043206,2250,phase_ensemble_v1/summaries/dynamic_recovery/amplitude_matched_3x3/checkpoint_2250/seed_2026074103/amplitude_matched_counterfactual.csv
amplitude_matched_frozen,2026074103,2250,120,1.2,23.70000000000072,-0.0184906548746234,-0.0045242309570312,-0.0139675923904063,0.9613128788401968,0.560012707907818,0.092359483624166,0.0680370866332391,0.1609486657997977,0.0349789070457777,2250,phase_ensemble_v1/summaries/dynamic_recovery/amplitude_matched_3x3/checkpoint_2250/seed_2026074103/amplitude_matched_counterfactual.csv
natural_reference,2026074103,2250,130,1.3,23.80000000000072,0.8500204207206664,0.567352294921875,0.5459664921637069,0.9581949074635182,0.5480346939949409,0.0995535163242462,1.0,1.0,1.0,2250,phase_ensemble_v1/summaries/dynamic_recovery/amplitude_matched_3x3/checkpoint_2250/seed_2026074103/amplitude_matched_counterfactual.csv
nonlinear_recovery,2026074103,2250,130,1.3,23.80000000000072,0.8886151858203064,0.6124267578125,0.6059577185881645,0.961639481311484,0.5607635776504719,0.092608521749877,0.9586061423109176,0.9343402349437092,0.8960146903449915,2250,phase_ensemble_v1/summaries/dynamic_recovery/amplitude_matched_3x3/checkpoint_2250/seed_2026074103/amplitude_matched_counterfactual.csv
amplitude_matched_frozen,2026074103,2250,130,1.3,23.80000000000072,-0.022340019432343,-0.0105438232421875,-0.011798975429569,0.9608619890827632,0.5607635776504717,0.092608521749877,0.0643714550392281,0.1581813534269107,0.033201714327484,2250,phase_ensemble_v1/summaries/dynamic_recovery/amplitude_matched_3x3/checkpoint_2250/seed_2026074103/amplitude_matched_counterfactual.csv
natural_reference,2026074103,2250,140,1.4,23.90000000000072,0.8506986409819228,0.562774658203125,0.5523738838685727,0.9569594922829424,0.5481055867702589,0.099022596159684,1.0,1.0,1.0,2250,phase_ensemble_v1/summaries/dynamic_recovery/amplitude_matched_3x3/checkpoint_2250/seed_2026074103/amplitude_matched_counterfactual.csv
nonlinear_recovery,2026074103,2250,140,1.4,23.90000000000072,0.8869471082717919,0.6164321899414062,0.5968242478730263,0.9598580869307466,0.5614935938264174,0.0927751033312938,0.9611226058101284,0.921837317596328,0.9229523191845174,2250,phase_ensemble_v1/summaries/dynamic_recovery/amplitude_matched_3x3/checkpoint_2250/seed_2026074103/amplitude_matched_counterfactual.csv
amplitude_matched_frozen,2026074103,2250,140,1.4,23.90000000000072,-0.0257165736682574,-0.0162429809570312,-0.0094775516154814,0.9593290893759188,0.5614935938264174,0.0927751033312938,0.0600226072599013,0.1565476388935196,0.0261193347582313,2250,phase_ensemble_v1/summaries/dynamic_recovery/amplitude_matched_3x3/checkpoint_2250/seed_2026074103/amplitude_matched_counterfactual.csv
natural_reference,2026074103,2250,150,1.5,24.00000000000072,0.8521477134170428,0.56085205078125,0.5579615549150375,0.9554562455024218,0.5482309439959079,0.0984657907090306,1.0,1.0,1.0,2250,phase_ensemble_v1/summaries/dynamic_recovery/amplitude_matched_3x3/checkpoint_2250/seed_2026074103/amplitude_matched_counterfactual.csv
nonlinear_recovery,2026074103,2250,150,1.5,24.00000000000072,0.8845169603324584,0.6175079345703125,0.5883799343306545,0.9582174494229896,0.5622114132320738,0.0928515037745073,0.9652831673710076,0.9174696318029762,0.9472745467752776,2250,phase_ensemble_v1/summaries/dynamic_recovery/amplitude_matched_3x3/checkpoint_2250/seed_2026074103/amplitude_matched_counterfactual.csv
amplitude_matched_frozen,2026074103,2250,150,1.5,24.00000000000072,-0.0290213938808333,-0.0214004516601562,-0.0076256783078477,0.9570151042109624,0.5622114132320737,0.0928515037745073,0.0549239376548431,0.1518354282665955,0.0196439198045129,2250,phase_ensemble_v1/summaries/dynamic_recovery/amplitude_matched_3x3/checkpoint_2250/seed_2026074103/amplitude_matched_counterfactual.csv
natural_reference,2026074103,2250,160,1.6,24.10000000000072,0.8541603143109838,0.56109619140625,0.5627905585948493,0.9538074942594664,0.5484129167822259,0.0978915518158484,1.0,1.0,1.0,2250,phase_ensemble_v1/summaries/dynamic_recovery/amplitude_matched_3x3/checkpoint_2250/seed_2026074103/amplitude_matched_counterfactual.csv
nonlinear_recovery,2026074103,2250,160,1.6,24.10000000000072,0.8820940461203051,0.6169815063476562,0.5816878318862938,0.9572280774004012,0.5629262180994542,0.0928358814847583,0.9700403690434476,0.9185921159381634,0.967244563380937,2250,phase_ensemble_v1/summaries/dynamic_recovery/amplitude_matched_3x3/checkpoint_2250/seed_2026074103/amplitude_matched_counterfactual.csv
amplitude_matched_frozen,2026074103,2250,160,1.6,24.10000000000072,-0.0318103988147812,-0.0257110595703125,-0.0061043318496571,0.9550674283565622,0.5629262180994541,0.0928358814847583,0.0497740944622348,0.1452005467942519,0.0139106187716361,2250,phase_ensemble_v1/summaries/dynamic_recovery/amplitude_matched_3x3/checkpoint_2250/seed_2026074103/amplitude_matched_counterfactual.csv
natural_reference,2026074103,2250,170,1.7,24.20000000000072,0.8565122593676197,0.5626907348632812,0.5671699303734178,0.9521359752142784,0.5486529279087797,0.0973059007961174,1.0,1.0,1.0,2250,phase_ensemble_v1/summaries/dynamic_recovery/amplitude_matched_3x3/checkpoint_2250/seed_2026074103/amplitude_matched_counterfactual.csv
nonlinear_recovery,2026074103,2250,170,1.7,24.20000000000072,0.8804724144520353,0.6165618896484375,0.5773151246315984,0.956939873051708,0.5636468839110558,0.0927365953398675,0.9743021301668215,0.9215261338756822,0.9824149091571658,2250,phase_ensemble_v1/summaries/dynamic_recovery/amplitude_matched_3x3/checkpoint_2250/seed_2026074103/amplitude_matched_counterfactual.csv
amplitude_matched_frozen,2026074103,2250,170,1.7,24.20000000000072,-0.0350189508523602,-0.0314865112304687,-0.0035363388760923,0.9536553120689606,0.5636468839110559,0.0927365953398675,0.0438103212716413,0.1344647084319674,0.0107708798936849,2250,phase_ensemble_v1/summaries/dynamic_recovery/amplitude_matched_3x3/checkpoint_2250/seed_2026074103/amplitude_matched_counterfactual.csv
natural_reference,2026074103,2250,180,1.8,24.30000000000072,0.8589168587790064,0.5648345947265625,0.5711954045691187,0.9505495581349096,0.5489518617861919,0.0967141915972053,1.0,1.0,1.0,2250,phase_ensemble_v1/summaries/dynamic_recovery/amplitude_matched_3x3/checkpoint_2250/seed_2026074103/amplitude_matched_counterfactual.csv
nonlinear_recovery,2026074103,2250,180,1.8,24.30000000000072,0.8796524227217004,0.6135940551757812,0.5780729535960399,0.9571357644136468,0.5643809646604946,0.0925709074103503,0.9777605853868832,0.9289723157625668,0.9880788557284712,2250,phase_ensemble_v1/summaries/dynamic_recovery/amplitude_matched_3x3/checkpoint_2250/seed_2026074103/amplitude_matched_counterfactual.csv
amplitude_matched_frozen,2026074103,2250,180,1.8,24.30000000000072,-0.040837794652965,-0.0329971313476562,-0.0078512430914937,0.952597283435379,0.5643809646604943,0.0925709074103503,0.034990471295806,0.1291412440680603,-0.0036858479215149,2250,phase_ensemble_v1/summaries/dynamic_recovery/amplitude_matched_3x3/checkpoint_2250/seed_2026074103/amplitude_matched_counterfactual.csv
natural_reference,2026074103,2250,190,1.9,24.40000000000072,0.8611308832753926,0.5704269409179688,0.5713658504684193,0.9491576651035604,0.5493099366182346,0.096124952338565,1.0,1.0,1.0,2250,phase_ensemble_v1/summaries/dynamic_recovery/amplitude_matched_3x3/checkpoint_2250/seed_2026074103/amplitude_matched_counterfactual.csv
nonlinear_recovery,2026074103,2250,190,1.9,24.40000000000072,0.8791491180096316,0.6116485595703125,0.578667720648152,0.957622911728306,0.5651341206844833,0.0923581067931134,0.9806749894066714,0.9399526556196446,0.9873433620721808,2250,phase_ensemble_v1/summaries/dynamic_recovery/amplitude_matched_3x3/checkpoint_2250/seed_2026074103/amplitude_matched_counterfactual.csv
amplitude_matched_frozen,2026074103,2250,190,1.9,24.40000000000072,-0.0508678390783208,-0.033935546875,-0.016961571742326,0.9521211713437508,0.5651341206844837,0.0923581067931133,0.0218583989752872,0.1196279131797419,-0.0197726038182146,2250,phase_ensemble_v1/summaries/dynamic_recovery/amplitude_matched_3x3/checkpoint_2250/seed_2026074103/amplitude_matched_counterfactual.csv
natural_reference,2026074103,2250,200,2.0,24.50000000000072,0.8632337880012648,0.5772857666015625,0.5699951989416318,0.9480842046483616,0.5497262757510566,0.0955514933351926,1.0,1.0,1.0,2250,phase_ensemble_v1/summaries/dynamic_recovery/amplitude_matched_3x3/checkpoint_2250/seed_2026074103/amplitude_matched_counterfactual.csv
nonlinear_recovery,2026074103,2250,200,2.0,24.50000000000072,0.8777587556580011,0.6111602783203125,0.5751250493083755,0.9582635235423184,0.5659102716935268,0.0921129479211619,0.9844216063352312,0.9506551528690028,0.9911082151397352,2250,phase_ensemble_v1/summaries/dynamic_recovery/amplitude_matched_3x3/checkpoint_2250/seed_2026074103/amplitude_matched_counterfactual.csv
amplitude_matched_frozen,2026074103,2250,200,2.0,24.50000000000072,-0.0641478332208658,-0.039947509765625,-0.0242624972251629,0.9524424312467584,0.5659102716935268,0.0921129479211619,0.0053598524765355,0.1008790940108247,-0.0300517964670821,2250,phase_ensemble_v1/summaries/dynamic_recovery/amplitude_matched_3x3/checkpoint_2250/seed_2026074103/amplitude_matched_counterfactual.csv
natural_reference,2026074103,2250,210,2.1,24.60000000000072,0.8652670745681211,0.5832290649414062,0.569369914617403,0.9474718887008544,0.5501985114441628,0.0950096702540105,1.0,1.0,1.0,2250,phase_ensemble_v1/summaries/dynamic_recovery/amplitude_matched_3x3/checkpoint_2250/seed_2026074103/amplitude_matched_counterfactual.csv
nonlinear_recovery,2026074103,2250,210,2.1,24.60000000000072,0.8751881433960461,0.6100540161132812,0.5688499833140026,0.958873074045318,0.5667122138875265,0.0918429303630463,0.989359403791512,0.9609242156503184,0.9990987812584312,2250,phase_ensemble_v1/summaries/dynamic_recovery/amplitude_matched_3x3/checkpoint_2250/seed_2026074103/amplitude_matched_counterfactual.csv
amplitude_matched_frozen,2026074103,2250,210,2.1,24.60000000000072,-0.0780541555113197,-0.0475845336914062,-0.0305832130906044,0.9534749165951832,0.5667122138875265,0.0918429303630463,-0.0117357795076398,0.0810967003411907,-0.0399239269056501,2250,phase_ensemble_v1/summaries/dynamic_recovery/amplitude_matched_3x3/checkpoint_2250/seed_2026074103/amplitude_matched_counterfactual.csv
natural_reference,2026074103,2250,220,2.2,24.70000000000072,0.8674422677463526,0.5891647338867188,0.5691519866580314,0.9474649581055768,0.5507227592970932,0.0945130701371053,1.0,1.0,1.0,2250,phase_ensemble_v1/summaries/dynamic_recovery/amplitude_matched_3x3/checkpoint_2250/seed_2026074103/amplitude_matched_counterfactual.csv
nonlinear_recovery,2026074103,2250,220,2.2,24.70000000000072,0.8723608426263532,0.6070098876953125,0.5640144739652375,0.9592276943721956,0.5675423876967283,0.0915477096143878,0.9947247045528012,0.9740050456217562,0.9910949337085246,2250,phase_ensemble_v1/summaries/dynamic_recovery/amplitude_matched_3x3/checkpoint_2250/seed_2026074103/amplitude_matched_counterfactual.csv
amplitude_matched_frozen,2026074103,2250,220,2.2,24.70000000000072,-0.0876610590262765,-0.0525665283203125,-0.035256996268383,0.95437761577476,0.5675423876967283,0.0915477096143879,-0.0243723749769406,0.065192989475322,-0.0476474476982677,2250,phase_ensemble_v1/summaries/dynamic_recovery/amplitude_matched_3x3/checkpoint_2250/seed_2026074103/amplitude_matched_counterfactual.csv
natural_reference,2026074103,2250,230,2.3000000000000003,24.80000000000072,0.8695550639606957,0.5944442749023438,0.5694720446959806,0.9481573769568858,0.5512940986031996,0.0940681656446834,1.0,1.0,1.0,2250,phase_ensemble_v1/summaries/dynamic_recovery/amplitude_matched_3x3/checkpoint_2250/seed_2026074103/amplitude_matched_counterfactual.csv
nonlinear_recovery,2026074103,2250,230,2.3000000000000003,24.80000000000072,0.8695640374126198,0.6022567749023438,0.5612171527609394,0.9592238246220166,0.5684035932298978,0.0912210719418936,0.9999903757467892,0.988619566787806,0.9856914494802872,2250,phase_ensemble_v1/summaries/dynamic_recovery/amplitude_matched_3x3/checkpoint_2250/seed_2026074103/amplitude_matched_counterfactual.csv
amplitude_matched_frozen,2026074103,2250,230,2.3000000000000003,24.80000000000072,-0.0917460669912794,-0.056793212890625,-0.0351359317674656,0.9548959776955284,0.5684035932298978,0.0912210719418936,-0.0310196760687417,0.0513453139065781,-0.0479923715446515,2250,phase_ensemble_v1/summaries/dynamic_recovery/amplitude_matched_3x3/checkpoint_2250/seed_2026074103/amplitude_matched_counterfactual.csv
natural_reference,2026074103,2250,240,2.4,24.90000000000072,0.8714428881279003,0.5978164672851562,0.5712009067388164,0.9495039657317786,0.5519074321291924,0.0936719045382269,1.0,1.0,1.0,2250,phase_ensemble_v1/summaries/dynamic_recovery/amplitude_matched_3x3/checkpoint_2250/seed_2026074103/amplitude_matched_counterfactual.csv
nonlinear_recovery,2026074103,2250,240,2.4,24.90000000000072,0.8670514693252096,0.5955352783203125,0.5614011330233519,0.9589559337423936,0.569299341388601,0.0908559689622151,0.995290092723652,0.9966770024116738,0.9830136410757534,2250,phase_ensemble_v1/summaries/dynamic_recovery/amplitude_matched_3x3/checkpoint_2250/seed_2026074103/amplitude_matched_counterfactual.csv
amplitude_matched_frozen,2026074103,2250,240,2.4,24.90000000000072,-0.0905192210065305,-0.0572967529296875,-0.0333956733152193,0.955325315549346,0.5692993413886014,0.090855968962215,-0.0317285918180545,0.0456995521177163,-0.0479726176700912,2250,phase_ensemble_v1/summaries/dynamic_recovery/amplitude_matched_3x3/checkpoint_2250/seed_2026074103/amplitude_matched_counterfactual.csv
natural_reference,2026074103,2250,250,2.5,25.00000000000072,0.8728743304692097,0.6002349853515625,0.5726871669918971,0.9512467597039796,0.5525584107047555,0.0933128569797608,1.0,1.0,1.0,2250,phase_ensemble_v1/summaries/dynamic_recovery/amplitude_matched_3x3/checkpoint_2250/seed_2026074103/amplitude_matched_counterfactual.csv
nonlinear_recovery,2026074103,2250,250,2.5,25.00000000000072,0.8647923233182998,0.58636474609375,0.5648577553307144,0.958554361502315,0.570233659139097,0.0904499442368463,0.9913318437621472,0.9797952855666322,0.9864289522897184,2250,phase_ensemble_v1/summaries/dynamic_recovery/amplitude_matched_3x3/checkpoint_2250/seed_2026074103/amplitude_matched_counterfactual.csv
amplitude_matched_frozen,2026074103,2250,250,2.5,25.00000000000072,-0.0841140481750617,-0.0549545288085937,-0.029294933670615,0.955847227244935,0.5702336591390968,0.0904499442368463,-0.0263941405897083,0.0455884150746285,-0.0434408308519544,2250,phase_ensemble_v1/summaries/dynamic_recovery/amplitude_matched_3x3/checkpoint_2250/seed_2026074103/amplitude_matched_counterfactual.csv
natural_reference,2026074103,2250,260,2.6,25.10000000000072,0.8733488642292621,0.601226806640625,0.5729859483635982,0.9529860288268645,0.5532440836090836,0.0929753480450507,1.0,1.0,1.0,2250,phase_ensemble_v1/summaries/dynamic_recovery/amplitude_matched_3x3/checkpoint_2250/seed_2026074103/amplitude_matched_counterfactual.csv
nonlinear_recovery,2026074103,2250,260,2.6,25.10000000000072,0.8627047357785329,0.5794448852539062,0.5663949204321321,0.957991084505587,0.5712104161173532,0.0900090250027715,0.9885839041337264,0.968270374198424,0.9885754947640328,2250,phase_ensemble_v1/summaries/dynamic_recovery/amplitude_matched_3x3/checkpoint_2250/seed_2026074103/amplitude_matched_counterfactual.csv
amplitude_matched_frozen,2026074103,2250,260,2.6,25.10000000000072,-0.0758421243203959,-0.0528945922851562,-0.0230399600199953,0.9565930226777544,0.5712104161173533,0.0900090250027715,-0.0180312433136293,0.0471443336778582,-0.0331167128866709,2250,phase_ensemble_v1/summaries/dynamic_recovery/amplitude_matched_3x3/checkpoint_2250/seed_2026074103/amplitude_matched_counterfactual.csv
natural_reference,2026074103,2250,270,2.7,25.20000000000072,0.8728823300651457,0.6009750366210938,0.5719312899093403,0.9544071627439834,0.5539630517595244,0.0926449261504379,1.0,1.0,1.0,2250,phase_ensemble_v1/summaries/dynamic_recovery/amplitude_matched_3x3/checkpoint_2250/seed_2026074103/amplitude_matched_counterfactual.csv
nonlinear_recovery,2026074103,2250,270,2.7,25.20000000000072,0.860805709314143,0.5720901489257812,0.5688511014299423,0.9571401113084048,0.5722324250326144,0.0895479181956682,0.9870475200602612,0.957923515486947,0.994660980081324,2250,phase_ensemble_v1/summaries/dynamic_recovery/amplitude_matched_3x3/checkpoint_2250/seed_2026074103/amplitude_matched_counterfactual.csv
amplitude_matched_frozen,2026074103,2250,270,2.7,25.20000000000072,-0.0682696560018427,-0.0492019653320312,-0.0191319549302959,0.95764580374395,0.5722324250326145,0.0895479181956682,-0.00940921066566,0.0528901188054991,-0.0245147199605582,2250,phase_ensemble_v1/summaries/dynamic_recovery/amplitude_matched_3x3/checkpoint_2250/seed_2026074103/amplitude_matched_counterfactual.csv
natural_reference,2026074103,2250,280,2.8000000000000003,25.30000000000072,0.8714353612472421,0.59857177734375,0.5703868305861866,0.95542126629871,0.5547151025730931,0.0923128622470887,1.0,1.0,1.0,2250,phase_ensemble_v1/summaries/dynamic_recovery/amplitude_matched_3x3/checkpoint_2250/seed_2026074103/amplitude_matched_counterfactual.csv
nonlinear_recovery,2026074103,2250,280,2.8000000000000003,25.30000000000072,0.8592115496717443,0.565673828125,0.571122269293074,0.9560326295732036,0.5733007753544386,0.0890853122546668,0.9868896541935674,0.952077707020527,0.998725233234492,2250,phase_ensemble_v1/summaries/dynamic_recovery/amplitude_matched_3x3/checkpoint_2250/seed_2026074103/amplitude_matched_counterfactual.csv
amplitude_matched_frozen,2026074103,2250,280,2.8000000000000003,25.30000000000072,-0.061140505098721,-0.0451126098632812,-0.0160722257731812,0.9592018206204082,0.5733007753544387,0.0890853122546668,-0.0002111062507177,0.0623478811722735,-0.016534086901929,2250,phase_ensemble_v1/summaries/dynamic_recovery/amplitude_matched_3x3/checkpoint_2250/seed_2026074103/amplitude_matched_counterfactual.csv
natural_reference,2026074103,2250,290,2.9,25.40000000000072,0.8694886290332939,0.5947799682617188,0.5689368851740235,0.956087277098493,0.5555005257781173,0.0919778638603378,1.0,1.0,1.0,2250,phase_ensemble_v1/summaries/dynamic_recovery/amplitude_matched_3x3/checkpoint_2250/seed_2026074103/amplitude_matched_counterfactual.csv
nonlinear_recovery,2026074103,2250,290,2.9,25.40000000000072,0.8583786863249084,0.5640716552734375,0.5705693349631046,0.9549506401980742,0.5744147518357411,0.0886377759563956,0.9880843066095236,0.9552673401571478,0.9971704062922,2250,phase_ensemble_v1/summaries/dynamic_recovery/amplitude_matched_3x3/checkpoint_2250/seed_2026074103/amplitude_matched_counterfactual.csv
amplitude_matched_frozen,2026074103,2250,290,2.9,25.40000000000072,-0.053936107505111,-0.0404281616210937,-0.0135374648360678,0.9612079966647858,0.5744147518357411,0.0886377759563957,0.0096037109653071,0.0746952066593316,-0.0096272282109244,2250,phase_ensemble_v1/summaries/dynamic_recovery/amplitude_matched_3x3/checkpoint_2250/seed_2026074103/amplitude_matched_counterfactual.csv
natural_reference,2026074103,2250,300,3.0,25.50000000000072,0.8676476917439593,0.5920333862304688,0.5667302719407737,0.956531388243486,0.5563194048238435,0.0916449991900173,1.0,1.0,1.0,2250,phase_ensemble_v1/summaries/dynamic_recovery/amplitude_matched_3x3/checkpoint_2250/seed_2026074103/amplitude_matched_counterfactual.csv
nonlinear_recovery,2026074103,2250,300,3.0,25.50000000000072,0.8588820218194073,0.5663833618164062,0.5695693793301432,0.9542483206846328,0.5755722274361916,0.0882168520998131,0.9905985982174106,0.962635726113871,0.9950788560490732,2250,phase_ensemble_v1/summaries/dynamic_recovery/amplitude_matched_3x3/checkpoint_2250/seed_2026074103/amplitude_matched_counterfactual.csv
amplitude_matched_frozen,2026074103,2250,300,3.0,25.50000000000072,-0.047864204913818,-0.0351028442382812,-0.0127828380130256,0.9630482295174626,0.5755722274361914,0.088216852099813,0.01809043104482,0.0864535058180242,-0.0044943865844226,2250,phase_ensemble_v1/summaries/dynamic_recovery/amplitude_matched_3x3/checkpoint_2250/seed_2026074103/amplitude_matched_counterfactual.csv
natural_reference,2026074101,2750,0,0.0,27.5000000000015,0.8596792480849232,0.5451812744140625,0.5919193371196744,0.95745459454585,0.5722571504318084,0.0961547727559904,1.0,1.0,1.0,2750,phase_ensemble_v1/summaries/dynamic_recovery/amplitude_matched_3x3/checkpoint_2750/seed_2026074101/amplitude_matched_counterfactual.csv
nonlinear_recovery,2026074101,2750,0,0.0,27.5000000000015,-0.0900993905396599,0.0121841430664062,-0.1021713715229911,0.9688627963432824,0.5722571504318084,0.0961547727559904,0.0,0.0,0.0,2750,phase_ensemble_v1/summaries/dynamic_recovery/amplitude_matched_3x3/checkpoint_2750/seed_2026074101/amplitude_matched_counterfactual.csv
amplitude_matched_frozen,2026074101,2750,0,0.0,27.5000000000015,-0.0900993905396597,0.0121841430664062,-0.1021713715229911,0.9688627963432828,0.5722571504318084,0.0961547727559904,1.1102230246251563e-16,0.0,0.0,2750,phase_ensemble_v1/summaries/dynamic_recovery/amplitude_matched_3x3/checkpoint_2750/seed_2026074101/amplitude_matched_counterfactual.csv
natural_reference,2026074101,2750,10,0.1,27.6000000000015,0.8627189366358979,0.551300048828125,0.5938767713537801,0.9558550591115504,0.5726178097705571,0.0966315817180879,1.0,1.0,1.0,2750,phase_ensemble_v1/summaries/dynamic_recovery/amplitude_matched_3x3/checkpoint_2750/seed_2026074101/amplitude_matched_counterfactual.csv
nonlinear_recovery,2026074101,2750,10,0.1,27.6000000000015,0.1823925660496157,0.1394119262695312,0.0441020535209846,0.967921592973256,0.5729440376186425,0.090629423258777,0.2837000718699115,0.2272226277894676,0.2079209374407103,2750,phase_ensemble_v1/summaries/dynamic_recovery/amplitude_matched_3x3/checkpoint_2750/seed_2026074101/amplitude_matched_counterfactual.csv
amplitude_matched_frozen,2026074101,2750,10,0.1,27.6000000000015,-0.0279837854296917,0.0485610961914062,-0.0764410041597718,0.9705810936737804,0.5729440376186428,0.090629423258777,0.0621996685928247,0.0567698716021815,0.034250470195175,2750,phase_ensemble_v1/summaries/dynamic_recovery/amplitude_matched_3x3/checkpoint_2750/seed_2026074101/amplitude_matched_counterfactual.csv
natural_reference,2026074101,2750,20,0.2,27.7000000000015,0.8668830504277456,0.5592422485351562,0.5971261345440808,0.954591678053884,0.5729306238675884,0.0971124508903742,1.0,1.0,1.0,2750,phase_ensemble_v1/summaries/dynamic_recovery/amplitude_matched_3x3/checkpoint_2750/seed_2026074101/amplitude_matched_counterfactual.csv
nonlinear_recovery,2026074101,2750,20,0.2,27.7000000000015,0.4207267022918008,0.2499465942382812,0.1908497123332638,0.9663671084710072,0.5740493863905692,0.0875777820580887,0.5302522819611486,0.4197048424729105,0.4146637937204001,2750,phase_ensemble_v1/summaries/dynamic_recovery/amplitude_matched_3x3/checkpoint_2750/seed_2026074101/amplitude_matched_counterfactual.csv
amplitude_matched_frozen,2026074101,2750,20,0.2,27.7000000000015,0.0147034746473476,0.070159912109375,-0.0555137050942643,0.9707996785452618,0.5740493863905691,0.0875777820580886,0.1027597998892907,0.0823921787549563,0.05971967134581,2750,phase_ensemble_v1/summaries/dynamic_recovery/amplitude_matched_3x3/checkpoint_2750/seed_2026074101/amplitude_matched_counterfactual.csv
natural_reference,2026074101,2750,30,0.3,27.8000000000015,0.8719260943300529,0.5675201416015625,0.6025879200786287,0.953702197554954,0.5731951131997617,0.0975974316141905,1.0,1.0,1.0,2750,phase_ensemble_v1/summaries/dynamic_recovery/amplitude_matched_3x3/checkpoint_2750/seed_2026074101/amplitude_matched_counterfactual.csv
nonlinear_recovery,2026074101,2750,30,0.3,27.8000000000015,0.5947687618266827,0.3498687744140625,0.3092526955811466,0.96534994612482,0.5753774410518114,0.086059297034468,0.7081874436503077,0.5916462690199109,0.5773820037569497,2750,phase_ensemble_v1/summaries/dynamic_recovery/amplitude_matched_3x3/checkpoint_2750/seed_2026074101/amplitude_matched_counterfactual.csv
amplitude_matched_frozen,2026074101,2750,30,0.3,27.8000000000015,0.0264422471494684,0.0742721557617187,-0.0479240276980728,0.970648859621951,0.575377441051812,0.086059297034468,0.1098095779402164,0.0745766593664563,0.0627853972446694,2750,phase_ensemble_v1/summaries/dynamic_recovery/amplitude_matched_3x3/checkpoint_2750/seed_2026074101/amplitude_matched_counterfactual.csv
natural_reference,2026074101,2750,40,0.4,27.900000000001494,0.8776165548809661,0.5775299072265625,0.6085096431694516,0.9531762841354324,0.5734111200484796,0.0980810321392155,1.0,1.0,1.0,2750,phase_ensemble_v1/summaries/dynamic_recovery/amplitude_matched_3x3/checkpoint_2750/seed_2026074101/amplitude_matched_counterfactual.csv
nonlinear_recovery,2026074101,2750,40,0.4,27.900000000001494,0.7077893415040263,0.4273910522460937,0.4020063476879763,0.9649545945109286,0.5768051759429407,0.085508911172383,0.8211928480273317,0.7183120768382931,0.7024837057892558,2750,phase_ensemble_v1/summaries/dynamic_recovery/amplitude_matched_3x3/checkpoint_2750/seed_2026074101/amplitude_matched_counterfactual.csv
amplitude_matched_frozen,2026074101,2750,40,0.4,27.900000000001494,0.01897558030577,0.0706710815429687,-0.0517649192768449,0.9704040207705376,0.5768051759429405,0.085508911172383,0.09595674227983,0.0490402370421264,0.0487200675290674,2750,phase_ensemble_v1/summaries/dynamic_recovery/amplitude_matched_3x3/checkpoint_2750/seed_2026074101/amplitude_matched_counterfactual.csv
natural_reference,2026074101,2750,50,0.5,28.0000000000015,0.883781888175392,0.586822509765625,0.616895787747273,0.9529770557524274,0.5735790868603289,0.0985573542727323,1.0,1.0,1.0,2750,phase_ensemble_v1/summaries/dynamic_recovery/amplitude_matched_3x3/checkpoint_2750/seed_2026074101/amplitude_matched_counterfactual.csv
nonlinear_recovery,2026074101,2750,50,0.5,28.0000000000015,0.778600681349723,0.4893341064453125,0.4673096030722048,0.9647508578006364,0.578255918665296,0.0855469194009692,0.889257135770092,0.8170939436881808,0.784486115701516,2750,phase_ensemble_v1/summaries/dynamic_recovery/amplitude_matched_3x3/checkpoint_2750/seed_2026074101/amplitude_matched_counterfactual.csv
amplitude_matched_frozen,2026074101,2750,50,0.5,28.0000000000015,0.0055422855737558,0.0641860961914062,-0.058664679854464,0.9700613060515576,0.5782559186652961,0.0855469194009692,0.0753217993263627,0.0194385995047308,0.0266971460793148,2750,phase_ensemble_v1/summaries/dynamic_recovery/amplitude_matched_3x3/checkpoint_2750/seed_2026074101/amplitude_matched_counterfactual.csv
natural_reference,2026074101,2750,60,0.6,28.1000000000015,0.89016473195645,0.5975189208984375,0.625164982355339,0.9530085201343544,0.5736999802458321,0.0990218188904444,1.0,1.0,1.0,2750,phase_ensemble_v1/summaries/dynamic_recovery/amplitude_matched_3x3/checkpoint_2750/seed_2026074101/amplitude_matched_counterfactual.csv
nonlinear_recovery,2026074101,2750,60,0.6,28.1000000000015,0.8221629087123823,0.5392303466796875,0.5082637829777462,0.9644415978806424,0.5796848838480396,0.0859080233309531,0.9284024503409088,0.8906399851132965,0.8315764813993839,2750,phase_ensemble_v1/summaries/dynamic_recovery/amplitude_matched_3x3/checkpoint_2750/seed_2026074101/amplitude_matched_counterfactual.csv
amplitude_matched_frozen,2026074101,2750,60,0.6,28.1000000000015,-0.0067244521142582,0.054595947265625,-0.0612978952164438,0.9697174195679336,0.5796848838480395,0.0859080233309531,0.0556860855814429,-0.0186226936345028,0.0109896746576529,2750,phase_ensemble_v1/summaries/dynamic_recovery/amplitude_matched_3x3/checkpoint_2750/seed_2026074101/amplitude_matched_counterfactual.csv
natural_reference,2026074101,2750,70,0.7000000000000001,28.2000000000015,0.8964315801422766,0.605499267578125,0.6363191164055696,0.9530814987840496,0.5737751778815954,0.0994707050764162,1.0,1.0,1.0,2750,phase_ensemble_v1/summaries/dynamic_recovery/amplitude_matched_3x3/checkpoint_2750/seed_2026074101/amplitude_matched_counterfactual.csv
nonlinear_recovery,2026074101,2750,70,0.7000000000000001,28.2000000000015,0.8495193859129941,0.5759124755859375,0.5356951037540245,0.9640741159898362,0.5810694560301021,0.0864106762760539,0.9506072338105876,0.944489772548346,0.8550275757929088,2750,phase_ensemble_v1/summaries/dynamic_recovery/amplitude_matched_3x3/checkpoint_2750/seed_2026074101/amplitude_matched_counterfactual.csv
amplitude_matched_frozen,2026074101,2750,70,0.7000000000000001,28.2000000000015,-0.0153201875048125,0.0484161376953125,-0.0636890841844652,0.9696498600138492,0.581069456030102,0.0864106762760539,0.040037614483057,-0.0451897339001732,-0.0085255311354639,2750,phase_ensemble_v1/summaries/dynamic_recovery/amplitude_matched_3x3/checkpoint_2750/seed_2026074101/amplitude_matched_counterfactual.csv
natural_reference,2026074101,2750,80,0.8,28.3000000000015,0.902137365868796,0.6119842529296875,0.6477989209172424,0.9529691597043498,0.5738063824925077,0.0999014045142547,1.0,1.0,1.0,2750,phase_ensemble_v1/summaries/dynamic_recovery/amplitude_matched_3x3/checkpoint_2750/seed_2026074101/amplitude_matched_counterfactual.csv
nonlinear_recovery,2026074101,2750,80,0.8,28.3000000000015,0.867665952247076,0.5995559692382812,0.5588119519889536,0.9639142191510194,0.5824017037978925,0.0869404868780362,0.9637058444779936,0.9766822690771676,0.8717934589524934,2750,phase_ensemble_v1/summaries/dynamic_recovery/amplitude_matched_3x3/checkpoint_2750/seed_2026074101/amplitude_matched_counterfactual.csv
amplitude_matched_frozen,2026074101,2750,80,0.8,28.3000000000015,-0.0234132355439405,0.0439910888671875,-0.0673349711600271,0.9697557988871076,0.5824017037978924,0.0869404868780361,0.0255091410004042,-0.0656589513462446,-0.030317627325332,2750,phase_ensemble_v1/summaries/dynamic_recovery/amplitude_matched_3x3/checkpoint_2750/seed_2026074101/amplitude_matched_counterfactual.csv
natural_reference,2026074101,2750,90,0.9,28.400000000001494,0.9068480468846188,0.61883544921875,0.6563487907796487,0.9525312655461888,0.5737954456717723,0.1003137871167787,1.0,1.0,1.0,2750,phase_ensemble_v1/summaries/dynamic_recovery/amplitude_matched_3x3/checkpoint_2750/seed_2026074101/amplitude_matched_counterfactual.csv
nonlinear_recovery,2026074101,2750,90,0.9,28.400000000001494,0.8802938722770025,0.6167755126953125,0.5765555843259085,0.9641373495277448,0.5836823041142104,0.0874375995823134,0.9720417226417404,0.9961351827199724,0.8850392240377624,2750,phase_ensemble_v1/summaries/dynamic_recovery/amplitude_matched_3x3/checkpoint_2750/seed_2026074101/amplitude_matched_counterfactual.csv
amplitude_matched_frozen,2026074101,2750,90,0.9,28.400000000001494,-0.0346406909029566,0.0344085693359375,-0.0689670558797776,0.9694747575543948,0.5836823041142101,0.0874375995823133,0.0087282451930195,-0.0964916047580195,-0.0449871142603586,2750,phase_ensemble_v1/summaries/dynamic_recovery/amplitude_matched_3x3/checkpoint_2750/seed_2026074101/amplitude_matched_counterfactual.csv
natural_reference,2026074101,2750,100,1.0,28.5000000000015,0.9100323541436282,0.621612548828125,0.6640836402785915,0.9517783956844962,0.5737440693049893,0.1007109521333809,1.0,1.0,1.0,2750,phase_ensemble_v1/summaries/dynamic_recovery/amplitude_matched_3x3/checkpoint_2750/seed_2026074101/amplitude_matched_counterfactual.csv
nonlinear_recovery,2026074101,2750,100,1.0,28.5000000000015,0.8885522612589639,0.6301651000976562,0.5871563082204532,0.9647449229877956,0.5849158106987734,0.0878810473038246,0.9773841061368042,0.9839538512188488,0.889168186376426,2750,phase_ensemble_v1/summaries/dynamic_recovery/amplitude_matched_3x3/checkpoint_2750/seed_2026074101/amplitude_matched_counterfactual.csv
amplitude_matched_frozen,2026074101,2750,100,1.0,28.5000000000015,-0.0484195856604284,0.0183944702148437,-0.0667546007148316,0.969039393285333,0.5849158106987733,0.0878810473038246,-0.0091319185616067,-0.1317473268347146,-0.0529434148781784,2750,phase_ensemble_v1/summaries/dynamic_recovery/amplitude_matched_3x3/checkpoint_2750/seed_2026074101/amplitude_matched_counterfactual.csv
natural_reference,2026074101,2750,110,1.1,28.6000000000015,0.9111801621051328,0.6234970092773438,0.6661153357312579,0.9508116614867756,0.5736535289457318,0.1010979233334503,1.0,1.0,1.0,2750,phase_ensemble_v1/summaries/dynamic_recovery/amplitude_matched_3x3/checkpoint_2750/seed_2026074101/amplitude_matched_counterfactual.csv
nonlinear_recovery,2026074101,2750,110,1.1,28.6000000000015,0.8939609098110471,0.6384124755859375,0.5952896303720411,0.9655953926220896,0.5861078271664009,0.0882674573671143,0.9818702468198048,0.9720158600649862,0.8979590066870069,2750,phase_ensemble_v1/summaries/dynamic_recovery/amplitude_matched_3x3/checkpoint_2750/seed_2026074101/amplitude_matched_counterfactual.csv
amplitude_matched_frozen,2026074101,2750,110,1.1,28.6000000000015,-0.0658597976253605,0.0015182495117187,-0.0673713105715646,0.9688628418204088,0.5861078271664009,0.0882674573671144,-0.0287028155796265,-0.1669457923591131,-0.0567590621364144,2750,phase_ensemble_v1/summaries/dynamic_recovery/amplitude_matched_3x3/checkpoint_2750/seed_2026074101/amplitude_matched_counterfactual.csv
natural_reference,2026074101,2750,120,1.2,28.7000000000015,0.9099605653327996,0.6221084594726562,0.6633976382885257,0.9497096705058694,0.5735246286503134,0.1014784830594189,1.0,1.0,1.0,2750,phase_ensemble_v1/summaries/dynamic_recovery/amplitude_matched_3x3/checkpoint_2750/seed_2026074101/amplitude_matched_counterfactual.csv
nonlinear_recovery,2026074101,2750,120,1.2,28.7000000000015,0.8976114509123579,0.6441574096679688,0.6008911432964176,0.96646250330774,0.5872640118697774,0.0885983086873434,0.986997902544613,0.9586321409656318,0.9099447749209276,2750,phase_ensemble_v1/summaries/dynamic_recovery/amplitude_matched_3x3/checkpoint_2750/seed_2026074101/amplitude_matched_counterfactual.csv
amplitude_matched_frozen,2026074101,2750,120,1.2,28.7000000000015,-0.0856047597140859,-0.0133819580078125,-0.0723056320955455,0.9689003988150274,0.5872640118697777,0.0885983086873434,-0.048207745005308,-0.1922961308884785,-0.0599526275503405,2750,phase_ensemble_v1/summaries/dynamic_recovery/amplitude_matched_3x3/checkpoint_2750/seed_2026074101/amplitude_matched_counterfactual.csv
natural_reference,2026074101,2750,130,1.3,28.8000000000015,0.9063470809360448,0.6184539794921875,0.6550974923857746,0.948468977673229,0.5733580170263851,0.1018513285388379,1.0,1.0,1.0,2750,phase_ensemble_v1/summaries/dynamic_recovery/amplitude_matched_3x3/checkpoint_2750/seed_2026074101/amplitude_matched_counterfactual.csv
nonlinear_recovery,2026074101,2750,130,1.3,28.8000000000015,0.8996920170973596,0.6478424072265625,0.6037512347135042,0.967120484318482,0.5883896320154769,0.0888807626936664,0.9929930369371934,0.9448619401382746,0.926023706940724,2750,phase_ensemble_v1/summaries/dynamic_recovery/amplitude_matched_3x3/checkpoint_2750/seed_2026074101/amplitude_matched_counterfactual.csv
amplitude_matched_frozen,2026074101,2750,130,1.3,28.8000000000015,-0.1034145261377026,-0.0257949829101562,-0.0778271530681125,0.9690443884515748,0.588389632015477,0.0888807626936663,-0.0631546825858584,-0.2087287613976325,-0.0559493684725496,2750,phase_ensemble_v1/summaries/dynamic_recovery/amplitude_matched_3x3/checkpoint_2750/seed_2026074101/amplitude_matched_counterfactual.csv
natural_reference,2026074101,2750,140,1.4,28.900000000001494,0.9004883400240938,0.6111068725585938,0.6434912188962298,0.9470203405531786,0.5731548666910931,0.1022068763639361,1.0,1.0,1.0,2750,phase_ensemble_v1/summaries/dynamic_recovery/amplitude_matched_3x3/checkpoint_2750/seed_2026074101/amplitude_matched_counterfactual.csv
nonlinear_recovery,2026074101,2750,140,1.4,28.900000000001494,0.9000273519182728,0.651092529296875,0.6012934179295996,0.9673970640056316,0.5894887657357141,0.0891316547123084,0.999514636266732,0.9249796023532444,0.9392041984697496,2750,phase_ensemble_v1/summaries/dynamic_recovery/amplitude_matched_3x3/checkpoint_2750/seed_2026074101/amplitude_matched_counterfactual.csv
amplitude_matched_frozen,2026074101,2750,140,1.4,28.900000000001494,-0.1195883146841121,-0.0391159057617187,-0.0808506123410565,0.9692317894395692,0.5894887657357141,0.0891316547123083,-0.0740151580850716,-0.219936731509712,-0.0435838172416667,2750,phase_ensemble_v1/summaries/dynamic_recovery/amplitude_matched_3x3/checkpoint_2750/seed_2026074101/amplitude_matched_counterfactual.csv
natural_reference,2026074101,2750,150,1.5,29.0000000000015,0.8926537259557046,0.598114013671875,0.6319356617151519,0.9452814380184744,0.5729177854651708,0.1025260164617634,1.0,1.0,1.0,2750,phase_ensemble_v1/summaries/dynamic_recovery/amplitude_matched_3x3/checkpoint_2750/seed_2026074101/amplitude_matched_counterfactual.csv
nonlinear_recovery,2026074101,2750,150,1.5,29.0000000000015,0.8992070110769917,0.649627685546875,0.6001663752599203,0.967193276420638,0.5905634646113335,0.0893729083359111,0.993100197398862,0.9033509397231646,0.9542289126483796,2750,phase_ensemble_v1/summaries/dynamic_recovery/amplitude_matched_3x3/checkpoint_2750/seed_2026074101/amplitude_matched_counterfactual.csv
amplitude_matched_frozen,2026074101,2750,150,1.5,29.0000000000015,-0.1358226004525858,-0.0510635375976562,-0.0853510219058142,0.969349455744074,0.5905634646113334,0.0893729083359112,-0.0828589784854214,-0.21797569459355,-0.0334192270397362,2750,phase_ensemble_v1/summaries/dynamic_recovery/amplitude_matched_3x3/checkpoint_2750/seed_2026074101/amplitude_matched_counterfactual.csv
natural_reference,2026074101,2750,160,1.6,29.1000000000015,0.8831215867233326,0.5850143432617188,0.616738042742227,0.9432201911305323,0.5726517149548133,0.1027817106097359,1.0,1.0,1.0,2750,phase_ensemble_v1/summaries/dynamic_recovery/amplitude_matched_3x3/checkpoint_2750/seed_2026074101/amplitude_matched_counterfactual.csv
nonlinear_recovery,2026074101,2750,160,1.6,29.1000000000015,0.8980077092733003,0.6472549438476562,0.5987981735951767,0.9664651105681324,0.5916138770121261,0.0896184902125663,0.9843267452597956,0.8832252615908733,0.9741534227102208,2750,phase_ensemble_v1/summaries/dynamic_recovery/amplitude_matched_3x3/checkpoint_2750/seed_2026074101/amplitude_matched_counterfactual.csv
amplitude_matched_frozen,2026074101,2750,160,1.6,29.1000000000015,-0.1492596582914746,-0.0589065551757812,-0.091154568014216,0.9693280264912808,0.5916138770121259,0.0896184902125663,-0.0869703771289747,-0.2081132534604428,-0.0198848679890384,2750,phase_ensemble_v1/summaries/dynamic_recovery/amplitude_matched_3x3/checkpoint_2750/seed_2026074101/amplitude_matched_counterfactual.csv
natural_reference,2026074101,2750,170,1.7,29.2000000000015,0.8722387321278736,0.5709991455078125,0.6001357281096528,0.9408914635613744,0.5723645168665438,0.1029435680712781,1.0,1.0,1.0,2750,phase_ensemble_v1/summaries/dynamic_recovery/amplitude_matched_3x3/checkpoint_2750/seed_2026074101/amplitude_matched_counterfactual.csv
nonlinear_recovery,2026074101,2750,170,1.7,29.2000000000015,0.8967949262128273,0.644134521484375,0.5982344868646503,0.965233506643014,0.5926395268696472,0.0898666153223561,0.974145350204428,0.8627846724209501,0.9972608173235448,2750,phase_ensemble_v1/summaries/dynamic_recovery/amplitude_matched_3x3/checkpoint_2750/seed_2026074101/amplitude_matched_counterfactual.csv
amplitude_matched_frozen,2026074101,2750,170,1.7,29.2000000000015,-0.158331100696655,-0.0592193603515625,-0.1000498342550505,0.9692903564574512,0.5926395268696474,0.0898666153223561,-0.0850631830559411,-0.1824050614792229,-0.0087810622533135,2750,phase_ensemble_v1/summaries/dynamic_recovery/amplitude_matched_3x3/checkpoint_2750/seed_2026074101/amplitude_matched_counterfactual.csv
natural_reference,2026074101,2750,180,1.8,29.3000000000015,0.8609622961390705,0.5593795776367188,0.5817620903992705,0.9384102694195616,0.572066992943606,0.1029843195265325,1.0,1.0,1.0,2750,phase_ensemble_v1/summaries/dynamic_recovery/amplitude_matched_3x3/checkpoint_2750/seed_2026074101/amplitude_matched_counterfactual.csv
nonlinear_recovery,2026074101,2750,180,1.8,29.3000000000015,0.8958757471862606,0.6391525268554688,0.6006644120198067,0.9635885759163796,0.5936408169037435,0.0901025754856282,0.9632404334785316,0.8503313722964172,0.972766784823412,2750,phase_ensemble_v1/summaries/dynamic_recovery/amplitude_matched_3x3/checkpoint_2750/seed_2026074101/amplitude_matched_counterfactual.csv
amplitude_matched_frozen,2026074101,2750,180,1.8,29.3000000000015,-0.1670555282113561,-0.058502197265625,-0.1096247058539389,0.9693284575962676,0.5936408169037433,0.0901025754856282,-0.0823762322546497,-0.1592591002132806,0.0038956181890746,2750,phase_ensemble_v1/summaries/dynamic_recovery/amplitude_matched_3x3/checkpoint_2750/seed_2026074101/amplitude_matched_counterfactual.csv
natural_reference,2026074101,2750,190,1.9,29.400000000001494,0.8501600310998892,0.55108642578125,0.562709619015652,0.9358994489075269,0.5717722403314012,0.1028863042809083,1.0,1.0,1.0,2750,phase_ensemble_v1/summaries/dynamic_recovery/amplitude_matched_3x3/checkpoint_2750/seed_2026074101/amplitude_matched_counterfactual.csv
nonlinear_recovery,2026074101,2750,190,1.9,29.400000000001494,0.895082457083302,0.6340103149414062,0.6036231622923873,0.9616840428284512,0.5946199506957345,0.0903064550141042,0.952702214856646,0.8444196332717826,0.9410544720347228,2750,phase_ensemble_v1/summaries/dynamic_recovery/amplitude_matched_3x3/checkpoint_2750/seed_2026074101/amplitude_matched_counterfactual.csv
amplitude_matched_frozen,2026074101,2750,190,1.9,29.400000000001494,-0.1761981043270501,-0.0588150024414062,-0.1186122919721101,0.96950734391157,0.5946199506957345,0.0903064550141042,-0.0806287841062149,-0.1442865117876928,0.0183964393931644,2750,phase_ensemble_v1/summaries/dynamic_recovery/amplitude_matched_3x3/checkpoint_2750/seed_2026074101/amplitude_matched_counterfactual.csv
natural_reference,2026074101,2750,200,2.0,29.5000000000015,0.8404755203586789,0.5460739135742188,0.5441419537555575,0.9334899937887692,0.571494440850357,0.1026459607771265,1.0,1.0,1.0,2750,phase_ensemble_v1/summaries/dynamic_recovery/amplitude_matched_3x3/checkpoint_2750/seed_2026074101/amplitude_matched_counterfactual.csv
nonlinear_recovery,2026074101,2750,200,2.0,29.5000000000015,0.8937741922982716,0.628204345703125,0.6055949682934946,0.9597559550688306,0.5955810515409822,0.090460928528888,0.943883058881197,0.8459083036314968,0.9114625599035724,2750,phase_ensemble_v1/summaries/dynamic_recovery/amplitude_matched_3x3/checkpoint_2750/seed_2026074101/amplitude_matched_counterfactual.csv
amplitude_matched_frozen,2026074101,2750,200,2.0,29.5000000000015,-0.1847567587278871,-0.0589752197265625,-0.1271671613492883,0.9695347177474698,0.5955810515409822,0.090460928528888,-0.0794433959593476,-0.1351827199725168,0.0328222136590335,2750,phase_ensemble_v1/summaries/dynamic_recovery/amplitude_matched_3x3/checkpoint_2750/seed_2026074101/amplitude_matched_counterfactual.csv
natural_reference,2026074101,2750,210,2.1,29.6000000000015,0.8324900945854098,0.5439987182617188,0.5272846402901271,0.931379007457982,0.5712473824002648,0.102274450132025,1.0,1.0,1.0,2750,phase_ensemble_v1/summaries/dynamic_recovery/amplitude_matched_3x3/checkpoint_2750/seed_2026074101/amplitude_matched_counterfactual.csv
nonlinear_recovery,2026074101,2750,210,2.1,29.6000000000015,0.8918379609310033,0.620941162109375,0.6070909662160404,0.958101414019953,0.5965296129651232,0.0905564604081918,0.9375140017556746,0.8556419175219364,0.8850203223697098,2750,phase_ensemble_v1/summaries/dynamic_recovery/amplitude_matched_3x3/checkpoint_2750/seed_2026074101/amplitude_matched_counterfactual.csv
amplitude_matched_frozen,2026074101,2750,210,2.1,29.6000000000015,-0.1896530690497843,-0.059661865234375,-0.1314788948533682,0.9693396163727748,0.5965296129651235,0.0905564604081918,-0.0761909376224814,-0.1325775468430168,0.0508970557583958,2750,phase_ensemble_v1/summaries/dynamic_recovery/amplitude_matched_3x3/checkpoint_2750/seed_2026074101/amplitude_matched_counterfactual.csv
natural_reference,2026074101,2750,220,2.2,29.7000000000015,0.8264156420522959,0.54254150390625,0.5146048159663666,0.9298693317361756,0.5710431398069508,0.1017939676518329,1.0,1.0,1.0,2750,phase_ensemble_v1/summaries/dynamic_recovery/amplitude_matched_3x3/checkpoint_2750/seed_2026074101/amplitude_matched_counterfactual.csv
nonlinear_recovery,2026074101,2750,220,2.2,29.7000000000015,0.8899615796082202,0.6141433715820312,0.608284765911188,0.9569684353319,0.5974716270900889,0.0905924949013699,0.9330939495039096,0.8656618141738595,0.8650321222019844,2750,phase_ensemble_v1/summaries/dynamic_recovery/amplitude_matched_3x3/checkpoint_2750/seed_2026074101/amplitude_matched_counterfactual.csv
amplitude_matched_frozen,2026074101,2750,220,2.2,29.7000000000015,-0.1880894328179673,-0.0618820190429687,-0.1276936857697981,0.9689849526619336,0.5974716270900892,0.0905924949013699,-0.0681489703110331,-0.1340089606504344,0.0746187872299622,2750,phase_ensemble_v1/summaries/dynamic_recovery/amplitude_matched_3x3/checkpoint_2750/seed_2026074101/amplitude_matched_counterfactual.csv
natural_reference,2026074101,2750,230,2.3000000000000003,29.8000000000015,0.822214633619561,0.5410690307617188,0.506454473308977,0.9293264676498686,0.5708912635913463,0.1012318209056261,1.0,1.0,1.0,2750,phase_ensemble_v1/summaries/dynamic_recovery/amplitude_matched_3x3/checkpoint_2750/seed_2026074101/amplitude_matched_counterfactual.csv
nonlinear_recovery,2026074101,2750,230,2.3000000000000003,29.8000000000015,0.8887442525877709,0.6091537475585938,0.6096368638828321,0.956464455191615,0.5984127620636727,0.0905756401915729,0.9299525002325232,0.8722606318260546,0.8513416340414147,2750,phase_ensemble_v1/summaries/dynamic_recovery/amplitude_matched_3x3/checkpoint_2750/seed_2026074101/amplitude_matched_counterfactual.csv
amplitude_matched_frozen,2026074101,2750,230,2.3000000000000003,29.8000000000015,-0.1818475469718458,-0.0650558471679687,-0.1181899156066586,0.968702477320812,0.5984127620636727,0.0905756401915729,-0.0571538880316726,-0.1372010134409755,0.1000536656985889,2750,phase_ensemble_v1/summaries/dynamic_recovery/amplitude_matched_3x3/checkpoint_2750/seed_2026074101/amplitude_matched_counterfactual.csv
natural_reference,2026074101,2750,240,2.4,29.900000000001494,0.819791679594807,0.5420608520507812,0.4998547859251901,0.9300311385210542,0.5707985247329816,0.1006157611598471,1.0,1.0,1.0,2750,phase_ensemble_v1/summaries/dynamic_recovery/amplitude_matched_3x3/checkpoint_2750/seed_2026074101/amplitude_matched_counterfactual.csv
nonlinear_recovery,2026074101,2750,240,2.4,29.900000000001494,0.8882724520911794,0.6031875610351562,0.6141356209074778,0.9565989520956352,0.5993577762156521,0.0905170574901901,0.9278981757311972,0.885315125749703,0.8353517291626473,2750,phase_ensemble_v1/summaries/dynamic_recovery/amplitude_matched_3x3/checkpoint_2750/seed_2026074101/amplitude_matched_counterfactual.csv
amplitude_matched_frozen,2026074101,2750,240,2.4,29.900000000001494,-0.1779145111914817,-0.0694656372070312,-0.1098059597899,0.968464815108621,0.599357776215652,0.0905170574901901,-0.0504618131137499,-0.1473354231974921,0.1216411081091736,2750,phase_ensemble_v1/summaries/dynamic_recovery/amplitude_matched_3x3/checkpoint_2750/seed_2026074101/amplitude_matched_counterfactual.csv
natural_reference,2026074101,2750,250,2.5,30.0000000000015,0.8189311587268925,0.5420074462890625,0.4979449266481415,0.931979454484243,0.5707689762083916,0.0999723553891679,1.0,1.0,1.0,2750,phase_ensemble_v1/summaries/dynamic_recovery/amplitude_matched_3x3/checkpoint_2750/seed_2026074101/amplitude_matched_counterfactual.csv
nonlinear_recovery,2026074101,2750,250,2.5,30.0000000000015,0.8883094494969574,0.6005477905273438,0.6168157751537334,0.9573686208647204,0.6003101890758512,0.0904299318196337,0.9269531994628404,0.8901676185568486,0.8287387411682102,2750,phase_ensemble_v1/summaries/dynamic_recovery/amplitude_matched_3x3/checkpoint_2750/seed_2026074101/amplitude_matched_counterfactual.csv
amplitude_matched_frozen,2026074101,2750,250,2.5,30.0000000000015,-0.1774710128781581,-0.0755538940429687,-0.103302260218016,0.9681379397678292,0.6003101890758515,0.0904299318196338,-0.0490888414251822,-0.1586579064141653,0.1337628073974205,2750,phase_ensemble_v1/summaries/dynamic_recovery/amplitude_matched_3x3/checkpoint_2750/seed_2026074101/amplitude_matched_counterfactual.csv
natural_reference,2026074101,2750,260,2.6,30.1000000000015,0.8195343803342585,0.5423507690429688,0.4989580341142531,0.9348199262978156,0.5708040616492265,0.0993273238317813,1.0,1.0,1.0,2750,phase_ensemble_v1/summaries/dynamic_recovery/amplitude_matched_3x3/checkpoint_2750/seed_2026074101/amplitude_matched_counterfactual.csv
nonlinear_recovery,2026074101,2750,260,2.6,30.1000000000015,0.8887675837682073,0.5996475219726562,0.6190308907961691,0.9587338554875215,0.6012722089485093,0.0903268779606032,0.9271059585692424,0.8925008230629392,0.8270069672640836,2750,phase_ensemble_v1/summaries/dynamic_recovery/amplitude_matched_3x3/checkpoint_2750/seed_2026074101/amplitude_matched_counterfactual.csv
amplitude_matched_frozen,2026074101,2750,260,2.6,30.1000000000015,-0.177708499150245,-0.0804901123046875,-0.0986291563084274,0.9676254392209984,0.6012722089485096,0.0903268779606032,-0.0499740033410895,-0.168563289961495,0.1390358882756164,2750,phase_ensemble_v1/summaries/dynamic_recovery/amplitude_matched_3x3/checkpoint_2750/seed_2026074101/amplitude_matched_counterfactual.csv
natural_reference,2026074101,2750,270,2.7,30.2000000000015,0.8213234581589562,0.5425567626953125,0.5028391688276197,0.9380360664774462,0.5709026829801468,0.0987057117105134,1.0,1.0,1.0,2750,phase_ensemble_v1/summaries/dynamic_recovery/amplitude_matched_3x3/checkpoint_2750/seed_2026074101/amplitude_matched_counterfactual.csv
nonlinear_recovery,2026074101,2750,270,2.7,30.2000000000015,0.8893427069773171,0.59912109375,0.6212254009136507,0.9605238728976436,0.6022448998003679,0.0902179663157277,0.9283841033560593,0.8938749803180601,0.8294369444628611,2750,phase_ensemble_v1/summaries/dynamic_recovery/amplitude_matched_3x3/checkpoint_2750/seed_2026074101/amplitude_matched_counterfactual.csv
amplitude_matched_frozen,2026074101,2750,270,2.7,30.2000000000015,-0.1772749561413367,-0.0841522216796875,-0.0945329852310159,0.9671227433725432,0.6022448998003681,0.0902179663157277,-0.0514012146518771,-0.1758205579651022,0.13934569845081,2750,phase_ensemble_v1/summaries/dynamic_recovery/amplitude_matched_3x3/checkpoint_2750/seed_2026074101/amplitude_matched_counterfactual.csv
natural_reference,2026074101,2750,280,2.8000000000000003,30.3000000000015,0.8244037318284217,0.5409622192382812,0.5116007499758095,0.9411774157568696,0.5710613148260705,0.0981306885876542,1.0,1.0,1.0,2750,phase_ensemble_v1/summaries/dynamic_recovery/amplitude_matched_3x3/checkpoint_2750/seed_2026074101/amplitude_matched_counterfactual.csv
nonlinear_recovery,2026074101,2750,280,2.8000000000000003,30.3000000000015,0.8894471211675453,0.5979156494140625,0.6226834881987338,0.9624215867803464,0.6032284599674611,0.0901105837478063,0.931517317094733,0.8931449592762772,0.8399593355166028,2750,phase_ensemble_v1/summaries/dynamic_recovery/amplitude_matched_3x3/checkpoint_2750/seed_2026074101/amplitude_matched_counterfactual.csv
amplitude_matched_frozen,2026074101,2750,280,2.8000000000000003,30.3000000000015,-0.1743882566639786,-0.0846710205078125,-0.0910618214699445,0.9667782160458044,0.6032284599674611,0.0901105837478063,-0.0516050244494818,-0.1738022644966432,0.1317236148798252,2750,phase_ensemble_v1/summaries/dynamic_recovery/amplitude_matched_3x3/checkpoint_2750/seed_2026074101/amplitude_matched_counterfactual.csv
natural_reference,2026074101,2750,290,2.9,30.400000000001494,0.8285444747103032,0.5407485961914062,0.5214017075473201,0.943932484593374,0.5712743146938926,0.0976208935569691,1.0,1.0,1.0,2750,phase_ensemble_v1/summaries/dynamic_recovery/amplitude_matched_3x3/checkpoint_2750/seed_2026074101/amplitude_matched_counterfactual.csv
nonlinear_recovery,2026074101,2750,290,2.9,30.400000000001494,0.8885903583970938,0.5963668823242188,0.6216540163857576,0.9640557223578626,0.6042224320441997,0.0900106621398662,0.9367790754130396,0.8956499334392579,0.8555631020699201,2750,phase_ensemble_v1/summaries/dynamic_recovery/amplitude_matched_3x3/checkpoint_2750/seed_2026074101/amplitude_matched_counterfactual.csv
amplitude_matched_frozen,2026074101,2750,290,2.9,30.400000000001494,-0.1717882674371228,-0.0845870971679687,-0.0884869808590917,0.9664352560360157,0.6042224320441996,0.0900106621398662,-0.0532272483997455,-0.1732440131117505,0.121312703351001,2750,phase_ensemble_v1/summaries/dynamic_recovery/amplitude_matched_3x3/checkpoint_2750/seed_2026074101/amplitude_matched_counterfactual.csv
natural_reference,2026074101,2750,300,3.0,30.5000000000015,0.8335489471693669,0.5385208129882812,0.5353280313668671,0.9461102970357675,0.5715345403928838,0.0971871685820209,1.0,1.0,1.0,2750,phase_ensemble_v1/summaries/dynamic_recovery/amplitude_matched_3x3/checkpoint_2750/seed_2026074101/amplitude_matched_counterfactual.csv
nonlinear_recovery,2026074101,2750,300,3.0,30.5000000000015,0.8863456125245227,0.59466552734375,0.6167630468189529,0.9651118171914934,0.6052258218268614,0.0899227972954872,0.9444116100235598,0.8946622579121398,0.8826738141887296,2750,phase_ensemble_v1/summaries/dynamic_recovery/amplitude_matched_3x3/checkpoint_2750/seed_2026074101/amplitude_matched_counterfactual.csv
amplitude_matched_frozen,2026074101,2750,300,3.0,30.5000000000015,-0.1708856141790105,-0.0837860107421875,-0.0883647950112206,0.9660214438356366,0.6052258218268611,0.0899227972954871,-0.0575459591331133,-0.1675613002963025,0.1014246140857365,2750,phase_ensemble_v1/summaries/dynamic_recovery/amplitude_matched_3x3/checkpoint_2750/seed_2026074101/amplitude_matched_counterfactual.csv
natural_reference,2026074102,2750,0,0.0,27.5000000000015,0.8596792480849232,0.5451812744140625,0.5919193371196744,0.95745459454585,0.5722571504318084,0.0961547727559904,1.0,1.0,1.0,2750,phase_ensemble_v1/summaries/dynamic_recovery/amplitude_matched_3x3/checkpoint_2750/seed_2026074102/amplitude_matched_counterfactual.csv
nonlinear_recovery,2026074102,2750,0,0.0,27.5000000000015,-0.1279256695092603,-0.0629653930664062,-0.0654877732569708,0.9600373529393316,0.5722571504318084,0.0961547727559904,0.0,0.0,0.0,2750,phase_ensemble_v1/summaries/dynamic_recovery/amplitude_matched_3x3/checkpoint_2750/seed_2026074102/amplitude_matched_counterfactual.csv
amplitude_matched_frozen,2026074102,2750,0,0.0,27.5000000000015,-0.1279256695092601,-0.0629653930664062,-0.0654877732569708,0.960037352939332,0.5722571504318084,0.0961547727559904,2.220446049250313e-16,0.0,0.0,2750,phase_ensemble_v1/summaries/dynamic_recovery/amplitude_matched_3x3/checkpoint_2750/seed_2026074102/amplitude_matched_counterfactual.csv
natural_reference,2026074102,2750,10,0.1,27.6000000000015,0.8627189366358979,0.551300048828125,0.5938767713537801,0.9558550591115504,0.5726178097705571,0.0966315817180879,1.0,1.0,1.0,2750,phase_ensemble_v1/summaries/dynamic_recovery/amplitude_matched_3x3/checkpoint_2750/seed_2026074102/amplitude_matched_counterfactual.csv
nonlinear_recovery,2026074102,2750,10,0.1,27.6000000000015,0.1369578648402041,0.0664443969726562,0.0711610392122415,0.9632525033444084,0.5729552576193571,0.0904052713789756,0.2651301559295029,0.2027323706891144,0.2048827524210053,2750,phase_ensemble_v1/summaries/dynamic_recovery/amplitude_matched_3x3/checkpoint_2750/seed_2026074102/amplitude_matched_counterfactual.csv
amplitude_matched_frozen,2026074102,2750,10,0.1,27.6000000000015,-0.0648125143941897,-0.0371322631835937,-0.0277470281892737,0.9628966759003044,0.5729552576193574,0.0904052713789756,0.0608274275410004,0.0324171067983088,0.0544309762836153,2750,phase_ensemble_v1/summaries/dynamic_recovery/amplitude_matched_3x3/checkpoint_2750/seed_2026074102/amplitude_matched_counterfactual.csv
natural_reference,2026074102,2750,20,0.2,27.7000000000015,0.8668830504277456,0.5592422485351562,0.5971261345440808,0.954591678053884,0.5729306238675884,0.0971124508903742,1.0,1.0,1.0,2750,phase_ensemble_v1/summaries/dynamic_recovery/amplitude_matched_3x3/checkpoint_2750/seed_2026074102/amplitude_matched_counterfactual.csv
nonlinear_recovery,2026074102,2750,20,0.2,27.7000000000015,0.3631590384964587,0.1811676025390625,0.1948083971017593,0.965390239588656,0.5740944206803014,0.0871242448369485,0.4899539249375507,0.3783166689666419,0.3880234468230448,2750,phase_ensemble_v1/summaries/dynamic_recovery/amplitude_matched_3x3/checkpoint_2750/seed_2026074102/amplitude_matched_counterfactual.csv
amplitude_matched_frozen,2026074102,2750,20,0.2,27.7000000000015,-0.02682514576282,-0.02423095703125,-0.0025958760482869,0.9641946447149408,0.574094420680301,0.0871242448369485,0.0950751861709552,0.0405715647777596,0.0877463886133329,2750,phase_ensemble_v1/summaries/dynamic_recovery/amplitude_matched_3x3/checkpoint_2750/seed_2026074102/amplitude_matched_counterfactual.csv
natural_reference,2026074102,2750,30,0.3,27.8000000000015,0.8719260943300529,0.5675201416015625,0.6025879200786287,0.953702197554954,0.5731951131997617,0.0975974316141905,1.0,1.0,1.0,2750,phase_ensemble_v1/summaries/dynamic_recovery/amplitude_matched_3x3/checkpoint_2750/seed_2026074102/amplitude_matched_counterfactual.csv
nonlinear_recovery,2026074102,2750,30,0.3,27.8000000000015,0.5314549062537597,0.2758255004882812,0.2995383824463987,0.9670906012826328,0.5754795249291911,0.0853722521845582,0.6552556776391062,0.520354781648706,0.539023030251977,2750,phase_ensemble_v1/summaries/dynamic_recovery/amplitude_matched_3x3/checkpoint_2750/seed_2026074102/amplitude_matched_counterfactual.csv
amplitude_matched_frozen,2026074102,2750,30,0.3,27.8000000000015,-0.0077553005314415,-0.0204620361328125,0.0127087523436178,0.9648937086906536,0.5754795249291909,0.0853722521845582,0.1092780329563283,0.0331572806764436,0.102718607048448,2750,phase_ensemble_v1/summaries/dynamic_recovery/amplitude_matched_3x3/checkpoint_2750/seed_2026074102/amplitude_matched_counterfactual.csv
natural_reference,2026074102,2750,40,0.4,27.900000000001494,0.8776165548809661,0.5775299072265625,0.6085096431694516,0.9531762841354324,0.5734111200484796,0.0980810321392155,1.0,1.0,1.0,2750,phase_ensemble_v1/summaries/dynamic_recovery/amplitude_matched_3x3/checkpoint_2750/seed_2026074102/amplitude_matched_counterfactual.csv
nonlinear_recovery,2026074102,2750,40,0.4,27.900000000001494,0.6479731530670425,0.3538360595703125,0.38163751935313,0.9684349274496916,0.5769871310778811,0.0846032126120627,0.7674744245164985,0.6321712185269286,0.6548985853129263,2750,phase_ensemble_v1/summaries/dynamic_recovery/amplitude_matched_3x3/checkpoint_2750/seed_2026074102/amplitude_matched_counterfactual.csv
amplitude_matched_frozen,2026074102,2750,40,0.4,27.900000000001494,0.002336099588808,-0.0140762329101562,0.0164117928220718,0.9654026610493702,0.5769871310778811,0.0846032126120627,0.1137342071722862,0.0271982536914604,0.0993437080287253,2750,phase_ensemble_v1/summaries/dynamic_recovery/amplitude_matched_3x3/checkpoint_2750/seed_2026074102/amplitude_matched_counterfactual.csv
natural_reference,2026074102,2750,50,0.5,28.0000000000015,0.883781888175392,0.586822509765625,0.616895787747273,0.9529770557524274,0.5735790868603289,0.0985573542727323,1.0,1.0,1.0,2750,phase_ensemble_v1/summaries/dynamic_recovery/amplitude_matched_3x3/checkpoint_2750/seed_2026074102/amplitude_matched_counterfactual.csv
nonlinear_recovery,2026074102,2750,50,0.5,28.0000000000015,0.7267835352148736,0.4145660400390625,0.4468547207159893,0.9692864477904408,0.5785376483372681,0.0844671972869445,0.8410312158601152,0.7167517657537856,0.741345865678479,2750,phase_ensemble_v1/summaries/dynamic_recovery/amplitude_matched_3x3/checkpoint_2750/seed_2026074102/amplitude_matched_counterfactual.csv
amplitude_matched_frozen,2026074102,2750,50,0.5,28.0000000000015,0.0042847305443589,-0.00830078125,0.012585064186277,0.9658378953058282,0.578537648337268,0.0844671972869446,0.1094645824835524,0.0214148611860345,0.080766371366487,2750,phase_ensemble_v1/summaries/dynamic_recovery/amplitude_matched_3x3/checkpoint_2750/seed_2026074102/amplitude_matched_counterfactual.csv
natural_reference,2026074102,2750,60,0.6,28.1000000000015,0.89016473195645,0.5975189208984375,0.625164982355339,0.9530085201343544,0.5736999802458321,0.0990218188904444,1.0,1.0,1.0,2750,phase_ensemble_v1/summaries/dynamic_recovery/amplitude_matched_3x3/checkpoint_2750/seed_2026074102/amplitude_matched_counterfactual.csv
nonlinear_recovery,2026074102,2750,60,0.6,28.1000000000015,0.7810932473434233,0.4611053466796875,0.5001110241042638,0.96967322422814,0.5800802125753723,0.084730828209047,0.8895595974970174,0.775689678965262,0.8097769916430799,2750,phase_ensemble_v1/summaries/dynamic_recovery/amplitude_matched_3x3/checkpoint_2750/seed_2026074102/amplitude_matched_counterfactual.csv
amplitude_matched_frozen,2026074102,2750,60,0.6,28.1000000000015,-0.0006783643491008,-0.007598876953125,0.0069205482781163,0.9660150777984332,0.5800802125753719,0.084730828209047,0.0979762449182063,0.0049804920274492,0.0595714218499786,2750,phase_ensemble_v1/summaries/dynamic_recovery/amplitude_matched_3x3/checkpoint_2750/seed_2026074102/amplitude_matched_counterfactual.csv
natural_reference,2026074102,2750,70,0.7000000000000001,28.2000000000015,0.8964315801422766,0.605499267578125,0.6363191164055696,0.9530814987840496,0.5737751778815954,0.0994707050764162,1.0,1.0,1.0,2750,phase_ensemble_v1/summaries/dynamic_recovery/amplitude_matched_3x3/checkpoint_2750/seed_2026074102/amplitude_matched_counterfactual.csv
nonlinear_recovery,2026074102,2750,70,0.7000000000000001,28.2000000000015,0.819034565864197,0.4988784790039062,0.541351696147831,0.9698032464124028,0.5815832137158363,0.0852374662919852,0.9216316029828814,0.8246791534418085,0.8555424503952667,2750,phase_ensemble_v1/summaries/dynamic_recovery/amplitude_matched_3x3/checkpoint_2750/seed_2026074102/amplitude_matched_counterfactual.csv
amplitude_matched_frozen,2026074102,2750,70,0.7000000000000001,28.2000000000015,-0.0077933868036224,-0.00897216796875,0.001178863595485,0.9660527383258593,0.5815832137158361,0.0852374662919853,0.0844264231200861,-0.0104000702537918,0.0338707282216698,2750,phase_ensemble_v1/summaries/dynamic_recovery/amplitude_matched_3x3/checkpoint_2750/seed_2026074102/amplitude_matched_counterfactual.csv
natural_reference,2026074102,2750,80,0.8,28.3000000000015,0.902137365868796,0.6119842529296875,0.6477989209172424,0.9529691597043498,0.5738063824925077,0.0999014045142547,1.0,1.0,1.0,2750,phase_ensemble_v1/summaries/dynamic_recovery/amplitude_matched_3x3/checkpoint_2750/seed_2026074102/amplitude_matched_counterfactual.csv
nonlinear_recovery,2026074102,2750,80,0.8,28.3000000000015,0.8461479834570288,0.5302276611328125,0.572995253967639,0.969833004371786,0.5830279074913427,0.0858833741689932,0.9433079145169124,0.8655643512187778,0.8862140890037733,2750,phase_ensemble_v1/summaries/dynamic_recovery/amplitude_matched_3x3/checkpoint_2750/seed_2026074102/amplitude_matched_counterfactual.csv
amplitude_matched_frozen,2026074102,2750,80,0.8,28.3000000000015,-0.0131208521433292,-0.0108795166015625,-0.0022416555347962,0.9657147232515998,0.5830279074913427,0.0858833741689932,0.073254697595366,-0.0241999222190161,0.0112054369481736,2750,phase_ensemble_v1/summaries/dynamic_recovery/amplitude_matched_3x3/checkpoint_2750/seed_2026074102/amplitude_matched_counterfactual.csv
natural_reference,2026074102,2750,90,0.9,28.400000000001494,0.9068480468846188,0.61883544921875,0.6563487907796487,0.9525312655461888,0.5737954456717723,0.1003137871167787,1.0,1.0,1.0,2750,phase_ensemble_v1/summaries/dynamic_recovery/amplitude_matched_3x3/checkpoint_2750/seed_2026074102/amplitude_matched_counterfactual.csv
nonlinear_recovery,2026074102,2750,90,0.9,28.400000000001494,0.8660884097195191,0.5538101196289062,0.6001295385360469,0.9697699428784704,0.5844038818134963,0.0866040669953101,0.9587288029464346,0.8930762379094479,0.9144833523151394,2750,phase_ensemble_v1/summaries/dynamic_recovery/amplitude_matched_3x3/checkpoint_2750/seed_2026074102/amplitude_matched_counterfactual.csv
amplitude_matched_frozen,2026074102,2750,90,0.9,28.400000000001494,-0.0202602351252421,-0.0163421630859375,-0.0039193697272048,0.9649202739016836,0.5844038818134965,0.0866040669953101,0.0612559076069537,-0.0444480686479908,-0.00435202188271,2750,phase_ensemble_v1/summaries/dynamic_recovery/amplitude_matched_3x3/checkpoint_2750/seed_2026074102/amplitude_matched_counterfactual.csv
natural_reference,2026074102,2750,100,1.0,28.5000000000015,0.9100323541436282,0.621612548828125,0.6640836402785915,0.9517783956844962,0.5737440693049893,0.1007109521333809,1.0,1.0,1.0,2750,phase_ensemble_v1/summaries/dynamic_recovery/amplitude_matched_3x3/checkpoint_2750/seed_2026074102/amplitude_matched_counterfactual.csv
nonlinear_recovery,2026074102,2750,100,1.0,28.5000000000015,0.8807879870220635,0.5730819702148438,0.6213317280912312,0.9697119667596036,0.5857055589826988,0.0873659488770981,0.9703885970993296,0.920199219681098,0.934968892924102,2750,phase_ensemble_v1/summaries/dynamic_recovery/amplitude_matched_3x3/checkpoint_2750/seed_2026074102/amplitude_matched_counterfactual.csv
amplitude_matched_frozen,2026074102,2750,100,1.0,28.5000000000015,-0.0279644261295258,-0.02294921875,-0.0050184280145828,0.9644428862811162,0.5857055589826988,0.0873659488770981,0.0502307516267491,-0.0598788122091054,-0.0177895214881822,2750,phase_ensemble_v1/summaries/dynamic_recovery/amplitude_matched_3x3/checkpoint_2750/seed_2026074102/amplitude_matched_counterfactual.csv
natural_reference,2026074102,2750,110,1.1,28.6000000000015,0.9111801621051328,0.6234970092773438,0.6661153357312579,0.9508116614867756,0.5736535289457318,0.1010979233334503,1.0,1.0,1.0,2750,phase_ensemble_v1/summaries/dynamic_recovery/amplitude_matched_3x3/checkpoint_2750/seed_2026074102/amplitude_matched_counterfactual.csv
nonlinear_recovery,2026074102,2750,110,1.1,28.6000000000015,0.8909428950457855,0.5885086059570312,0.6358036841915498,0.969901154988936,0.586929572068121,0.0881565708169829,0.9795087421105138,0.9424671626249828,0.9538921148535466,2750,phase_ensemble_v1/summaries/dynamic_recovery/amplitude_matched_3x3/checkpoint_2750/seed_2026074102/amplitude_matched_counterfactual.csv
amplitude_matched_frozen,2026074102,2750,110,1.1,28.6000000000015,-0.0356348423525684,-0.0272064208984375,-0.0084366007091565,0.9646711047218954,0.5869295720681208,0.0881565708169829,0.0413018530080296,-0.0699777947836559,-0.0260794655140654,2750,phase_ensemble_v1/summaries/dynamic_recovery/amplitude_matched_3x3/checkpoint_2750/seed_2026074102/amplitude_matched_counterfactual.csv
natural_reference,2026074102,2750,120,1.2,28.7000000000015,0.9099605653327996,0.6221084594726562,0.6633976382885257,0.9497096705058694,0.5735246286503134,0.1014784830594189,1.0,1.0,1.0,2750,phase_ensemble_v1/summaries/dynamic_recovery/amplitude_matched_3x3/checkpoint_2750/seed_2026074102/amplitude_matched_counterfactual.csv
nonlinear_recovery,2026074102,2750,120,1.2,28.7000000000015,0.8976542201315576,0.5978317260742188,0.6470702858921815,0.9704287568818996,0.5880732074915836,0.0889735259003494,0.9875392021829738,0.9600807918605964,0.9751640161193422,2750,phase_ensemble_v1/summaries/dynamic_recovery/amplitude_matched_3x3/checkpoint_2750/seed_2026074102/amplitude_matched_counterfactual.csv
amplitude_matched_frozen,2026074102,2750,120,1.2,28.7000000000015,-0.0408687513561297,-0.0272750854492187,-0.0136088356581294,0.9650686497756056,0.5880732074915838,0.0889735259003494,0.0372371585540906,-0.0678074544291251,-0.0298131298865644,2750,phase_ensemble_v1/summaries/dynamic_recovery/amplitude_matched_3x3/checkpoint_2750/seed_2026074102/amplitude_matched_counterfactual.csv
natural_reference,2026074102,2750,130,1.3,28.8000000000015,0.9063470809360448,0.6184539794921875,0.6550974923857746,0.948468977673229,0.5733580170263851,0.1018513285388379,1.0,1.0,1.0,2750,phase_ensemble_v1/summaries/dynamic_recovery/amplitude_matched_3x3/checkpoint_2750/seed_2026074102/amplitude_matched_counterfactual.csv
nonlinear_recovery,2026074102,2750,130,1.3,28.8000000000015,0.9020922003128596,0.6020050048828125,0.6567379418699459,0.9711797573655536,0.5891338824041873,0.0898154084940857,0.9956917178647204,0.9729522901481602,0.9975046672628298,2750,phase_ensemble_v1/summaries/dynamic_recovery/amplitude_matched_3x3/checkpoint_2750/seed_2026074102/amplitude_matched_counterfactual.csv
amplitude_matched_frozen,2026074102,2750,130,1.3,28.8000000000015,-0.042206259893769,-0.0227737426757812,-0.0194512136175767,0.9654293490804332,0.589133882404187,0.0898154084940858,0.0395416993867343,-0.0543965073829209,-0.0260745516075806,2750,phase_ensemble_v1/summaries/dynamic_recovery/amplitude_matched_3x3/checkpoint_2750/seed_2026074102/amplitude_matched_counterfactual.csv
natural_reference,2026074102,2750,140,1.4,28.900000000001494,0.9004883400240938,0.6111068725585938,0.6434912188962298,0.9470203405531786,0.5731548666910931,0.1022068763639361,1.0,1.0,1.0,2750,phase_ensemble_v1/summaries/dynamic_recovery/amplitude_matched_3x3/checkpoint_2750/seed_2026074102/amplitude_matched_counterfactual.csv
nonlinear_recovery,2026074102,2750,140,1.4,28.900000000001494,0.9050474956249424,0.6034164428710938,0.664562025005171,0.9720124253627296,0.5901093423849819,0.0906764501066373,0.9953836240386948,0.9873543174718672,0.9679486184795458,2750,phase_ensemble_v1/summaries/dynamic_recovery/amplitude_matched_3x3/checkpoint_2750/seed_2026074102/amplitude_matched_counterfactual.csv
amplitude_matched_frozen,2026074102,2750,140,1.4,28.900000000001494,-0.0418436882527483,-0.018646240234375,-0.0232155614369858,0.96595877311396,0.590109342384982,0.0906764501066373,0.0458410934482045,-0.0355283461504685,-0.0141459832268051,2750,phase_ensemble_v1/summaries/dynamic_recovery/amplitude_matched_3x3/checkpoint_2750/seed_2026074102/amplitude_matched_counterfactual.csv
natural_reference,2026074102,2750,150,1.5,29.0000000000015,0.8926537259557046,0.598114013671875,0.6319356617151519,0.9452814380184744,0.5729177854651708,0.1025260164617634,1.0,1.0,1.0,2750,phase_ensemble_v1/summaries/dynamic_recovery/amplitude_matched_3x3/checkpoint_2750/seed_2026074102/amplitude_matched_counterfactual.csv
nonlinear_recovery,2026074102,2750,150,1.5,29.0000000000015,0.9068108071987592,0.6051788330078125,0.6684849588913734,0.9728090659362127,0.5909981986536647,0.0915454182969477,0.9856652382032064,0.9883830337092748,0.9444038608659382,2750,phase_ensemble_v1/summaries/dynamic_recovery/amplitude_matched_3x3/checkpoint_2750/seed_2026074102/amplitude_matched_counterfactual.csv
amplitude_matched_frozen,2026074102,2750,150,1.5,29.0000000000015,-0.0399022626382103,-0.0171356201171875,-0.0227822198641825,0.9663147901707954,0.5909981986536647,0.0915454182969477,0.0557398287711734,-0.0116796928905671,0.0040906597371147,2750,phase_ensemble_v1/summaries/dynamic_recovery/amplitude_matched_3x3/checkpoint_2750/seed_2026074102/amplitude_matched_counterfactual.csv
natural_reference,2026074102,2750,160,1.6,29.1000000000015,0.8831215867233326,0.5850143432617188,0.616738042742227,0.9432201911305323,0.5726517149548133,0.1027817106097359,1.0,1.0,1.0,2750,phase_ensemble_v1/summaries/dynamic_recovery/amplitude_matched_3x3/checkpoint_2750/seed_2026074102/amplitude_matched_counterfactual.csv
nonlinear_recovery,2026074102,2750,160,1.6,29.1000000000015,0.9071689936129266,0.6055831909179688,0.669248213308794,0.9733782453714908,0.5918002832739541,0.0924101980771904,0.9756507825536412,0.966177817365232,0.9201253382603626,2750,phase_ensemble_v1/summaries/dynamic_recovery/amplitude_matched_3x3/checkpoint_2750/seed_2026074102/amplitude_matched_counterfactual.csv
amplitude_matched_frozen,2026074102,2750,160,1.6,29.1000000000015,-0.0384000620567103,-0.014251708984375,-0.0241615758936364,0.9664581975525032,0.5918002832739537,0.0924101980771904,0.0669126567080287,0.014602752443201,0.0251099987819179,2750,phase_ensemble_v1/summaries/dynamic_recovery/amplitude_matched_3x3/checkpoint_2750/seed_2026074102/amplitude_matched_counterfactual.csv
natural_reference,2026074102,2750,170,1.7,29.2000000000015,0.8722387321278736,0.5709991455078125,0.6001357281096528,0.9408914635613744,0.5723645168665438,0.1029435680712781,1.0,1.0,1.0,2750,phase_ensemble_v1/summaries/dynamic_recovery/amplitude_matched_3x3/checkpoint_2750/seed_2026074102/amplitude_matched_counterfactual.csv
nonlinear_recovery,2026074102,2750,170,1.7,29.2000000000015,0.906451005184497,0.6055450439453125,0.6670447851578419,0.9734147656393284,0.5925164531739079,0.0932628885234461,0.965358340721951,0.9431947911831492,0.898222796814815,2750,phase_ensemble_v1/summaries/dynamic_recovery/amplitude_matched_3x3/checkpoint_2750/seed_2026074102/amplitude_matched_counterfactual.csv
amplitude_matched_frozen,2026074102,2750,170,1.7,29.2000000000015,-0.0399917650932759,-0.011627197265625,-0.028377763264569,0.9664614625994842,0.5925164531739076,0.0932628885234461,0.076320418246445,0.0419640952942504,0.0439508769320573,2750,phase_ensemble_v1/summaries/dynamic_recovery/amplitude_matched_3x3/checkpoint_2750/seed_2026074102/amplitude_matched_counterfactual.csv
natural_reference,2026074102,2750,180,1.8,29.3000000000015,0.8609622961390705,0.5593795776367188,0.5817620903992705,0.9384102694195616,0.572066992943606,0.1029843195265325,1.0,1.0,1.0,2750,phase_ensemble_v1/summaries/dynamic_recovery/amplitude_matched_3x3/checkpoint_2750/seed_2026074102/amplitude_matched_counterfactual.csv
nonlinear_recovery,2026074102,2750,180,1.8,29.3000000000015,0.9052674475896276,0.6055145263671875,0.6633941335751528,0.9726862208536088,0.593148109704182,0.0941002642862053,0.9551387901566094,0.9241384501511712,0.8758272585017932,2750,phase_ensemble_v1/summaries/dynamic_recovery/amplitude_matched_3x3/checkpoint_2750/seed_2026074102/amplitude_matched_counterfactual.csv
amplitude_matched_frozen,2026074102,2750,180,1.8,29.3000000000015,-0.044827029424431,-0.0086669921875,-0.0361740914326506,0.9664467795248942,0.5931481097041816,0.0941002642862053,0.0828424307869848,0.0659382017538356,0.0600403128011655,2750,phase_ensemble_v1/summaries/dynamic_recovery/amplitude_matched_3x3/checkpoint_2750/seed_2026074102/amplitude_matched_counterfactual.csv
natural_reference,2026074102,2750,190,1.9,29.400000000001494,0.8501600310998892,0.55108642578125,0.562709619015652,0.9358994489075269,0.5717722403314012,0.1028863042809083,1.0,1.0,1.0,2750,phase_ensemble_v1/summaries/dynamic_recovery/amplitude_matched_3x3/checkpoint_2750/seed_2026074102/amplitude_matched_counterfactual.csv
nonlinear_recovery,2026074102,2750,190,1.9,29.400000000001494,0.9041257583061022,0.6059036254882812,0.659510738224457,0.9712913751181784,0.5936968153541019,0.0949220345726044,0.9453569679081044,0.909861876027148,0.8527531605897216,2750,phase_ensemble_v1/summaries/dynamic_recovery/amplitude_matched_3x3/checkpoint_2750/seed_2026074102/amplitude_matched_counterfactual.csv
amplitude_matched_frozen,2026074102,2750,190,1.9,29.400000000001494,-0.0514798174600373,-0.0067977905273437,-0.0446976688378975,0.9664347745060228,0.5936968153541018,0.0949220345726044,0.0870439864188493,0.0826485679517256,0.0760561024270782,2750,phase_ensemble_v1/summaries/dynamic_recovery/amplitude_matched_3x3/checkpoint_2750/seed_2026074102/amplitude_matched_counterfactual.csv
natural_reference,2026074102,2750,200,2.0,29.5000000000015,0.8404755203586789,0.5460739135742188,0.5441419537555575,0.9334899937887692,0.571494440850357,0.1026459607771265,1.0,1.0,1.0,2750,phase_ensemble_v1/summaries/dynamic_recovery/amplitude_matched_3x3/checkpoint_2750/seed_2026074102/amplitude_matched_counterfactual.csv
nonlinear_recovery,2026074102,2750,200,2.0,29.5000000000015,0.903418139630043,0.6061019897460938,0.657144529484704,0.9696745855453608,0.5941640889795657,0.0957290229776496,0.9362674100239464,0.9012934224887406,0.8281086803816216,2750,phase_ensemble_v1/summaries/dynamic_recovery/amplitude_matched_3x3/checkpoint_2750/seed_2026074102/amplitude_matched_counterfactual.csv
amplitude_matched_frozen,2026074102,2750,200,2.0,29.5000000000015,-0.0578462454379407,-0.0069427490234375,-0.050923948081308,0.9662920412486816,0.594164088979566,0.0957290229776495,0.0904037132733791,0.0906524820915557,0.0948289234414619,2750,phase_ensemble_v1/summaries/dynamic_recovery/amplitude_matched_3x3/checkpoint_2750/seed_2026074102/amplitude_matched_counterfactual.csv
natural_reference,2026074102,2750,210,2.1,29.6000000000015,0.8324900945854098,0.5439987182617188,0.5272846402901271,0.931379007457982,0.5712473824002648,0.102274450132025,1.0,1.0,1.0,2750,phase_ensemble_v1/summaries/dynamic_recovery/amplitude_matched_3x3/checkpoint_2750/seed_2026074102/amplitude_matched_counterfactual.csv
nonlinear_recovery,2026074102,2750,210,2.1,29.6000000000015,0.9034450037249576,0.6061782836914062,0.6571590431628876,0.9682741792201944,0.5945513999605534,0.096521134957753,0.9281545607200956,0.8977556422576558,0.8024444810182352,2750,phase_ensemble_v1/summaries/dynamic_recovery/amplitude_matched_3x3/checkpoint_2750/seed_2026074102/amplitude_matched_counterfactual.csv
amplitude_matched_frozen,2026074102,2750,210,2.1,29.6000000000015,-0.0610309083192315,-0.0085830688476562,-0.0524753277530675,0.9657127005169176,0.5945513999605533,0.096521134957753,0.0952647288540559,0.0913675653297537,0.1181111994498578,2750,phase_ensemble_v1/summaries/dynamic_recovery/amplitude_matched_3x3/checkpoint_2750/seed_2026074102/amplitude_matched_counterfactual.csv
natural_reference,2026074102,2750,220,2.2,29.7000000000015,0.8264156420522959,0.54254150390625,0.5146048159663666,0.9298693317361756,0.5710431398069508,0.1017939676518329,1.0,1.0,1.0,2750,phase_ensemble_v1/summaries/dynamic_recovery/amplitude_matched_3x3/checkpoint_2750/seed_2026074102/amplitude_matched_counterfactual.csv
nonlinear_recovery,2026074102,2750,220,2.2,29.7000000000015,0.9042025825595588,0.605987548828125,0.6596736486006299,0.9671378891021496,0.5948602762842653,0.0972977449338417,0.9212367829265646,0.8956731191429037,0.7793318168537153,2750,phase_ensemble_v1/summaries/dynamic_recovery/amplitude_matched_3x3/checkpoint_2750/seed_2026074102/amplitude_matched_counterfactual.csv
amplitude_matched_frozen,2026074102,2750,220,2.2,29.7000000000015,-0.0637395861699691,-0.0121307373046875,-0.0516487841274357,0.9646772558684542,0.5948602762842654,0.0972977449338417,0.0986727461921788,0.087930147658416,0.1386561064583232,2750,phase_ensemble_v1/summaries/dynamic_recovery/amplitude_matched_3x3/checkpoint_2750/seed_2026074102/amplitude_matched_counterfactual.csv
natural_reference,2026074102,2750,230,2.3000000000000003,29.8000000000015,0.822214633619561,0.5410690307617188,0.506454473308977,0.9293264676498686,0.5708912635913463,0.1012318209056261,1.0,1.0,1.0,2750,phase_ensemble_v1/summaries/dynamic_recovery/amplitude_matched_3x3/checkpoint_2750/seed_2026074102/amplitude_matched_counterfactual.csv
nonlinear_recovery,2026074102,2750,230,2.3000000000000003,29.8000000000015,0.9050484188867586,0.6072845458984375,0.6611420158786563,0.9660292061623076,0.5950921685634164,0.0980617833388376,0.9161265969908478,0.8911191679943797,0.7647005331581296,2750,phase_ensemble_v1/summaries/dynamic_recovery/amplitude_matched_3x3/checkpoint_2750/seed_2026074102/amplitude_matched_counterfactual.csv
amplitude_matched_frozen,2026074102,2750,230,2.3000000000000003,29.8000000000015,-0.0693996598255764,-0.0131301879882812,-0.0563207930662175,0.9637023624119864,0.5950921685634165,0.0980617833388375,0.0971953687542184,0.0887079574964559,0.14394709535045,2750,phase_ensemble_v1/summaries/dynamic_recovery/amplitude_matched_3x3/checkpoint_2750/seed_2026074102/amplitude_matched_counterfactual.csv
natural_reference,2026074102,2750,240,2.4,29.900000000001494,0.819791679594807,0.5420608520507812,0.4998547859251901,0.9300311385210542,0.5707985247329816,0.1006157611598471,1.0,1.0,1.0,2750,phase_ensemble_v1/summaries/dynamic_recovery/amplitude_matched_3x3/checkpoint_2750/seed_2026074102/amplitude_matched_counterfactual.csv
nonlinear_recovery,2026074102,2750,240,2.4,29.900000000001494,0.905369582330154,0.6086578369140625,0.660916688492972,0.9648499464629704,0.5952479631971879,0.0988211239584331,0.9133480390682788,0.8904919019959604,0.7550043192025936,2750,phase_ensemble_v1/summaries/dynamic_recovery/amplitude_matched_3x3/checkpoint_2750/seed_2026074102/amplitude_matched_counterfactual.csv
amplitude_matched_frozen,2026074102,2750,240,2.4,29.900000000001494,-0.0786442412465582,-0.0147171020507812,-0.0640012151829926,0.9631277072890884,0.5952479631971878,0.0988211239584331,0.0902881255087661,0.0844676393471415,0.1423031600842659,2750,phase_ensemble_v1/summaries/dynamic_recovery/amplitude_matched_3x3/checkpoint_2750/seed_2026074102/amplitude_matched_counterfactual.csv
natural_reference,2026074102,2750,250,2.5,30.0000000000015,0.8189311587268925,0.5420074462890625,0.4979449266481415,0.931979454484243,0.5707689762083916,0.0999723553891679,1.0,1.0,1.0,2750,phase_ensemble_v1/summaries/dynamic_recovery/amplitude_matched_3x3/checkpoint_2750/seed_2026074102/amplitude_matched_counterfactual.csv
nonlinear_recovery,2026074102,2750,250,2.5,30.0000000000015,0.9050543301276344,0.6094894409179688,0.6591854819802283,0.9637284656965056,0.5953277986065353,0.0995810373318617,0.9127959269274004,0.8890366448796276,0.7547325655791767,2750,phase_ensemble_v1/summaries/dynamic_recovery/amplitude_matched_3x3/checkpoint_2750/seed_2026074102/amplitude_matched_counterfactual.csv
amplitude_matched_frozen,2026074102,2750,250,2.5,30.0000000000015,-0.0884394952319931,-0.0172882080078125,-0.0712602413105032,0.9630227591837536,0.5953277986065353,0.0995810373318617,0.0812412556943817,0.0803276837575742,0.1341663955649451,2750,phase_ensemble_v1/summaries/dynamic_recovery/amplitude_matched_3x3/checkpoint_2750/seed_2026074102/amplitude_matched_counterfactual.csv
natural_reference,2026074102,2750,260,2.6,30.1000000000015,0.8195343803342585,0.5423507690429688,0.4989580341142531,0.9348199262978156,0.5708040616492265,0.0993273238317813,1.0,1.0,1.0,2750,phase_ensemble_v1/summaries/dynamic_recovery/amplitude_matched_3x3/checkpoint_2750/seed_2026074102/amplitude_matched_counterfactual.csv
nonlinear_recovery,2026074102,2750,260,2.6,30.1000000000015,0.9043499965243204,0.6101837158203125,0.656356921898576,0.9628075851011652,0.5953318109666372,0.1003355918794094,0.9141198928042262,0.8884595601610819,0.7605762315315618,2750,phase_ensemble_v1/summaries/dynamic_recovery/amplitude_matched_3x3/checkpoint_2750/seed_2026074102/amplitude_matched_counterfactual.csv
amplitude_matched_frozen,2026074102,2750,260,2.6,30.1000000000015,-0.0962921181767953,-0.0213546752929687,-0.0750918532792933,0.9634297266212796,0.5953318109666372,0.1003355918794094,0.0726792848075146,0.0730764888158472,0.1267969598554255,2750,phase_ensemble_v1/summaries/dynamic_recovery/amplitude_matched_3x3/checkpoint_2750/seed_2026074102/amplitude_matched_counterfactual.csv
natural_reference,2026074102,2750,270,2.7,30.2000000000015,0.8213234581589562,0.5425567626953125,0.5028391688276197,0.9380360664774462,0.5709026829801468,0.0987057117105134,1.0,1.0,1.0,2750,phase_ensemble_v1/summaries/dynamic_recovery/amplitude_matched_3x3/checkpoint_2750/seed_2026074102/amplitude_matched_counterfactual.csv
nonlinear_recovery,2026074102,2750,270,2.7,30.2000000000015,0.90373737768449,0.6129226684570312,0.6519356230493095,0.9621558260289712,0.5952612502765288,0.1010696948826034,0.9165517323199494,0.8842945139315779,0.7732052911075624,2750,phase_ensemble_v1/summaries/dynamic_recovery/amplitude_matched_3x3/checkpoint_2750/seed_2026074102/amplitude_matched_counterfactual.csv
amplitude_matched_frozen,2026074102,2750,270,2.7,30.2000000000015,-0.1019759363527242,-0.0266036987304687,-0.0755772740119691,0.9640622750817948,0.5952612502765285,0.1010696948826034,0.0651125991141803,0.0641065850384514,0.120154872513929,2750,phase_ensemble_v1/summaries/dynamic_recovery/amplitude_matched_3x3/checkpoint_2750/seed_2026074102/amplitude_matched_counterfactual.csv
natural_reference,2026074102,2750,280,2.8000000000000003,30.3000000000015,0.8244037318284217,0.5409622192382812,0.5116007499758095,0.9411774157568696,0.5710613148260705,0.0981306885876542,1.0,1.0,1.0,2750,phase_ensemble_v1/summaries/dynamic_recovery/amplitude_matched_3x3/checkpoint_2750/seed_2026074102/amplitude_matched_counterfactual.csv
nonlinear_recovery,2026074102,2750,280,2.8000000000000003,30.3000000000015,0.9035205925038328,0.6141357421875,0.6501339844748615,0.9617527636913724,0.5951189668606736,0.1017678249840791,0.9198901713975456,0.8796778361832118,0.7892732945652463,2750,phase_ensemble_v1/summaries/dynamic_recovery/amplitude_matched_3x3/checkpoint_2750/seed_2026074102/amplitude_matched_counterfactual.csv
amplitude_matched_frozen,2026074102,2750,280,2.8000000000000003,30.3000000000015,-0.1072177022679738,-0.03057861328125,-0.0768911820058599,0.9643730963609854,0.5951189668606734,0.101767824984079,0.056686112533911,0.060192445208315,0.1048287694294827,2750,phase_ensemble_v1/summaries/dynamic_recovery/amplitude_matched_3x3/checkpoint_2750/seed_2026074102/amplitude_matched_counterfactual.csv
natural_reference,2026074102,2750,290,2.9,30.400000000001494,0.8285444747103032,0.5407485961914062,0.5214017075473201,0.943932484593374,0.5712743146938926,0.0976208935569691,1.0,1.0,1.0,2750,phase_ensemble_v1/summaries/dynamic_recovery/amplitude_matched_3x3/checkpoint_2750/seed_2026074102/amplitude_matched_counterfactual.csv
nonlinear_recovery,2026074102,2750,290,2.9,30.400000000001494,0.9035194480540568,0.614288330078125,0.6499889037027791,0.9614609556837868,0.5949091291642974,0.1024195720922446,0.9240840421021866,0.8790756608247293,0.8044024864869683,2750,phase_ensemble_v1/summaries/dynamic_recovery/amplitude_matched_3x3/checkpoint_2750/seed_2026074102/amplitude_matched_counterfactual.csv
amplitude_matched_frozen,2026074102,2750,290,2.9,30.400000000001494,-0.1128624972326311,-0.0342864990234375,-0.0788812417874914,0.9641758992116176,0.5949091291642974,0.1024195720922446,0.0467777598392157,0.0544466886627943,0.0868931292956443,2750,phase_ensemble_v1/summaries/dynamic_recovery/amplitude_matched_3x3/checkpoint_2750/seed_2026074102/amplitude_matched_counterfactual.csv
natural_reference,2026074102,2750,300,3.0,30.5000000000015,0.8335489471693669,0.5385208129882812,0.5353280313668671,0.9461102970357675,0.5715345403928838,0.0971871685820209,1.0,1.0,1.0,2750,phase_ensemble_v1/summaries/dynamic_recovery/amplitude_matched_3x3/checkpoint_2750/seed_2026074102/amplitude_matched_counterfactual.csv
nonlinear_recovery,2026074102,2750,300,3.0,30.5000000000015,0.9037216783172256,0.6169281005859375,0.6481669251063054,0.9611027312785936,0.5946366590859771,0.1030200637520338,0.9289465555530038,0.8710717466848992,0.8283576615488841,2750,phase_ensemble_v1/summaries/dynamic_recovery/amplitude_matched_3x3/checkpoint_2750/seed_2026074102/amplitude_matched_counterfactual.csv
amplitude_matched_frozen,2026074102,2750,300,3.0,30.5000000000015,-0.121453315988924,-0.0393218994140625,-0.0825255399917902,0.9634493394471438,0.5946366590859772,0.1030200637520338,0.0330118388994183,0.0498300109144284,0.0601659738595261,2750,phase_ensemble_v1/summaries/dynamic_recovery/amplitude_matched_3x3/checkpoint_2750/seed_2026074102/amplitude_matched_counterfactual.csv
natural_reference,2026074103,2750,0,0.0,27.5000000000015,0.8596792480849232,0.5451812744140625,0.5919193371196744,0.95745459454585,0.5722571504318084,0.0961547727559904,1.0,1.0,1.0,2750,phase_ensemble_v1/summaries/dynamic_recovery/amplitude_matched_3x3/checkpoint_2750/seed_2026074103/amplitude_matched_counterfactual.csv
nonlinear_recovery,2026074103,2750,0,0.0,27.5000000000015,0.0960982836452586,0.0232620239257812,0.0729994456421,0.9633322967833572,0.5722571504318085,0.0961547727559904,0.0,0.0,0.0,2750,phase_ensemble_v1/summaries/dynamic_recovery/amplitude_matched_3x3/checkpoint_2750/seed_2026074103/amplitude_matched_counterfactual.csv
amplitude_matched_frozen,2026074103,2750,0,0.0,27.5000000000015,0.0960982836452586,0.0232620239257812,0.0729994456421003,0.963332296783357,0.5722571504318085,0.0961547727559904,0.0,0.0,6.661338147750939e-16,2750,phase_ensemble_v1/summaries/dynamic_recovery/amplitude_matched_3x3/checkpoint_2750/seed_2026074103/amplitude_matched_counterfactual.csv
natural_reference,2026074103,2750,10,0.1,27.6000000000015,0.8627189366358979,0.551300048828125,0.5938767713537801,0.9558550591115504,0.5726178097705571,0.0966315817180879,1.0,1.0,1.0,2750,phase_ensemble_v1/summaries/dynamic_recovery/amplitude_matched_3x3/checkpoint_2750/seed_2026074103/amplitude_matched_counterfactual.csv
nonlinear_recovery,2026074103,2750,10,0.1,27.6000000000015,0.399413092963149,0.1710891723632812,0.2450709034008838,0.9675262805854344,0.5729225874469168,0.0910724257429769,0.3932459486955195,0.2715139820783815,0.3278232850937642,2750,phase_ensemble_v1/summaries/dynamic_recovery/amplitude_matched_3x3/checkpoint_2750/seed_2026074103/amplitude_matched_counterfactual.csv
amplitude_matched_frozen,2026074103,2750,10,0.1,27.6000000000015,0.1664661321197518,0.0578994750976562,0.1096232388684918,0.966550709982097,0.572922587446917,0.0910724257429769,0.0881742252086202,0.0546419330789808,0.0668048374356531,2750,phase_ensemble_v1/summaries/dynamic_recovery/amplitude_matched_3x3/checkpoint_2750/seed_2026074103/amplitude_matched_counterfactual.csv
natural_reference,2026074103,2750,20,0.2,27.7000000000015,0.8668830504277456,0.5592422485351562,0.5971261345440808,0.954591678053884,0.5729306238675884,0.0971124508903742,1.0,1.0,1.0,2750,phase_ensemble_v1/summaries/dynamic_recovery/amplitude_matched_3x3/checkpoint_2750/seed_2026074103/amplitude_matched_counterfactual.csv
nonlinear_recovery,2026074103,2750,20,0.2,27.7000000000015,0.6189767983541467,0.3041839599609375,0.3878109810729458,0.9695742453442712,0.5739582063010322,0.0885407234089407,0.6753373072159821,0.5113069917700888,0.5966330123227108,2750,phase_ensemble_v1/summaries/dynamic_recovery/amplitude_matched_3x3/checkpoint_2750/seed_2026074103/amplitude_matched_counterfactual.csv
amplitude_matched_frozen,2026074103,2750,20,0.2,27.7000000000015,0.2066347441961512,0.0777664184570312,0.1309729622245335,0.9679868437083068,0.573958206301032,0.0885407234089407,0.1353263936901547,0.0774898039731614,0.1016856744646634,2750,phase_ensemble_v1/summaries/dynamic_recovery/amplitude_matched_3x3/checkpoint_2750/seed_2026074103/amplitude_matched_counterfactual.csv
natural_reference,2026074103,2750,30,0.3,27.8000000000015,0.8719260943300529,0.5675201416015625,0.6025879200786287,0.953702197554954,0.5731951131997617,0.0975974316141905,1.0,1.0,1.0,2750,phase_ensemble_v1/summaries/dynamic_recovery/amplitude_matched_3x3/checkpoint_2750/seed_2026074103/amplitude_matched_counterfactual.csv
nonlinear_recovery,2026074103,2750,30,0.3,27.8000000000015,0.7531086288777237,0.4127349853515625,0.4938923006600244,0.9704314012812078,0.5751612729094008,0.0876056849225465,0.8443944113516233,0.7034308351240334,0.79053487599193,2750,phase_ensemble_v1/summaries/dynamic_recovery/amplitude_matched_3x3/checkpoint_2750/seed_2026074103/amplitude_matched_counterfactual.csv
amplitude_matched_frozen,2026074103,2750,30,0.3,27.8000000000015,0.2214659646946861,0.084259033203125,0.1398159685004382,0.9682245744624252,0.5751612729094001,0.0876056849225465,0.1481451739532413,0.0740692014208657,0.1082015563895767,2750,phase_ensemble_v1/summaries/dynamic_recovery/amplitude_matched_3x3/checkpoint_2750/seed_2026074103/amplitude_matched_counterfactual.csv
natural_reference,2026074103,2750,40,0.4,27.900000000001494,0.8776165548809661,0.5775299072265625,0.6085096431694516,0.9531762841354324,0.5734111200484796,0.0980810321392155,1.0,1.0,1.0,2750,phase_ensemble_v1/summaries/dynamic_recovery/amplitude_matched_3x3/checkpoint_2750/seed_2026074103/amplitude_matched_counterfactual.csv
nonlinear_recovery,2026074103,2750,40,0.4,27.900000000001494,0.8276452002813316,0.497467041015625,0.5612661386617858,0.9707908621039733,0.5764027929989893,0.0876959738329137,0.934556573661701,0.8465991316931982,0.908958000486078,2750,phase_ensemble_v1/summaries/dynamic_recovery/amplitude_matched_3x3/checkpoint_2750/seed_2026074103/amplitude_matched_counterfactual.csv
amplitude_matched_frozen,2026074103,2750,40,0.4,27.900000000001494,0.2209598340647762,0.0868911743164062,0.1366930932505102,0.9679729170069248,0.5764027929989897,0.0876959738329137,0.1400300015361678,0.0599336344633015,0.0907718943371216,2750,phase_ensemble_v1/summaries/dynamic_recovery/amplitude_matched_3x3/checkpoint_2750/seed_2026074103/amplitude_matched_counterfactual.csv
natural_reference,2026074103,2750,50,0.5,28.0000000000015,0.883781888175392,0.586822509765625,0.616895787747273,0.9529770557524274,0.5735790868603289,0.0985573542727323,1.0,1.0,1.0,2750,phase_ensemble_v1/summaries/dynamic_recovery/amplitude_matched_3x3/checkpoint_2750/seed_2026074103/amplitude_matched_counterfactual.csv
nonlinear_recovery,2026074103,2750,50,0.5,28.0000000000015,0.8677471983163422,0.5551376342773438,0.6031663142871141,0.971066758986136,0.5776003547038051,0.0884334005637816,0.9790006684218266,0.939291613676563,0.9735422101067168,2750,phase_ensemble_v1/summaries/dynamic_recovery/amplitude_matched_3x3/checkpoint_2750/seed_2026074103/amplitude_matched_counterfactual.csv
amplitude_matched_frozen,2026074103,2750,50,0.5,28.0000000000015,0.2117790404379117,0.0873031616210937,0.1268206635019332,0.9673467750959732,0.5776003547038052,0.0884334005637816,0.1199324249385743,0.042918329459574,0.0555861660074387,2750,phase_ensemble_v1/summaries/dynamic_recovery/amplitude_matched_3x3/checkpoint_2750/seed_2026074103/amplitude_matched_counterfactual.csv
natural_reference,2026074103,2750,60,0.6,28.1000000000015,0.89016473195645,0.5975189208984375,0.625164982355339,0.9530085201343544,0.5736999802458321,0.0990218188904444,1.0,1.0,1.0,2750,phase_ensemble_v1/summaries/dynamic_recovery/amplitude_matched_3x3/checkpoint_2750/seed_2026074103/amplitude_matched_counterfactual.csv
nonlinear_recovery,2026074103,2750,60,0.6,28.1000000000015,0.8890728597109477,0.592620849609375,0.6265935935751851,0.9713034591448644,0.5787029769541081,0.0895597168706354,0.9985700635605768,0.9906152699206244,0.997246952288188,2750,phase_ensemble_v1/summaries/dynamic_recovery/amplitude_matched_3x3/checkpoint_2750/seed_2026074103/amplitude_matched_counterfactual.csv
amplitude_matched_frozen,2026074103,2750,60,0.6,28.1000000000015,0.1961247171531965,0.0824356079101562,0.1155574020629805,0.9665582500857214,0.5787029769541083,0.0895597168706354,0.091072136256621,0.0130976918241751,0.0179455660462349,2750,phase_ensemble_v1/summaries/dynamic_recovery/amplitude_matched_3x3/checkpoint_2750/seed_2026074103/amplitude_matched_counterfactual.csv
natural_reference,2026074103,2750,70,0.7000000000000001,28.2000000000015,0.8964315801422766,0.605499267578125,0.6363191164055696,0.9530814987840496,0.5737751778815954,0.0994707050764162,1.0,1.0,1.0,2750,phase_ensemble_v1/summaries/dynamic_recovery/amplitude_matched_3x3/checkpoint_2750/seed_2026074103/amplitude_matched_counterfactual.csv
nonlinear_recovery,2026074103,2750,70,0.7000000000000001,28.2000000000015,0.8997669997264347,0.6162948608398438,0.6363322039415296,0.971391266682724,0.5796810349166266,0.0909017864335533,0.9956318717470836,0.9793155871303484,0.999974779274846,2750,phase_ensemble_v1/summaries/dynamic_recovery/amplitude_matched_3x3/checkpoint_2750/seed_2026074103/amplitude_matched_counterfactual.csv
amplitude_matched_frozen,2026074103,2750,70,0.7000000000000001,28.2000000000015,0.1779447400549177,0.0717010498046875,0.1076167535401127,0.9658291181633734,0.5796810349166265,0.0909017864335533,0.0590561138272965,-0.0227601631364293,-0.0188516022386961,2750,phase_ensemble_v1/summaries/dynamic_recovery/amplitude_matched_3x3/checkpoint_2750/seed_2026074103/amplitude_matched_counterfactual.csv
natural_reference,2026074103,2750,80,0.8,28.3000000000015,0.902137365868796,0.6119842529296875,0.6477989209172424,0.9529691597043498,0.5738063824925077,0.0999014045142547,1.0,1.0,1.0,2750,phase_ensemble_v1/summaries/dynamic_recovery/amplitude_matched_3x3/checkpoint_2750/seed_2026074103/amplitude_matched_counterfactual.csv
nonlinear_recovery,2026074103,2750,80,0.8,28.3000000000015,0.9043506290897068,0.627960205078125,0.6396389667780821,0.9715708677294717,0.5805189247468092,0.0923487186135284,0.9971014688369884,0.9693899925448406,0.9842751178492586,2750,phase_ensemble_v1/summaries/dynamic_recovery/amplitude_matched_3x3/checkpoint_2750/seed_2026074103/amplitude_matched_counterfactual.csv
amplitude_matched_frozen,2026074103,2750,80,0.8,28.3000000000015,0.161028979561788,0.0575103759765625,0.10448623357963,0.965589942284404,0.5805189247468093,0.0923487186135284,0.0294305112086542,-0.0623748337207092,-0.0470068622549464,2750,phase_ensemble_v1/summaries/dynamic_recovery/amplitude_matched_3x3/checkpoint_2750/seed_2026074103/amplitude_matched_counterfactual.csv
natural_reference,2026074103,2750,90,0.9,28.400000000001494,0.9068480468846188,0.61883544921875,0.6563487907796487,0.9525312655461888,0.5737954456717723,0.1003137871167787,1.0,1.0,1.0,2750,phase_ensemble_v1/summaries/dynamic_recovery/amplitude_matched_3x3/checkpoint_2750/seed_2026074103/amplitude_matched_counterfactual.csv
nonlinear_recovery,2026074103,2750,90,0.9,28.400000000001494,0.9065970336273008,0.63214111328125,0.6429003457480995,0.9720556848513264,0.5812099502396915,0.093829477681696,0.9996712683146808,0.974506278413659,0.9740837742926832,2750,phase_ensemble_v1/summaries/dynamic_recovery/amplitude_matched_3x3/checkpoint_2750/seed_2026074103/amplitude_matched_counterfactual.csv
amplitude_matched_frozen,2026074103,2750,90,0.9,28.400000000001494,0.1471846103188774,0.0443878173828125,0.1034728018178581,0.9656935121591196,0.581209950239691,0.0938294776816959,0.0051304682232328,-0.100644652019471,-0.0654361068864202,2750,phase_ensemble_v1/summaries/dynamic_recovery/amplitude_matched_3x3/checkpoint_2750/seed_2026074103/amplitude_matched_counterfactual.csv
natural_reference,2026074103,2750,100,1.0,28.5000000000015,0.9100323541436282,0.621612548828125,0.6640836402785915,0.9517783956844962,0.5737440693049893,0.1007109521333809,1.0,1.0,1.0,2750,phase_ensemble_v1/summaries/dynamic_recovery/amplitude_matched_3x3/checkpoint_2750/seed_2026074103/amplitude_matched_counterfactual.csv
nonlinear_recovery,2026074103,2750,100,1.0,28.5000000000015,0.9076784046247628,0.6329803466796875,0.6456534832504088,0.9726516224265916,0.5817533895807472,0.0952930423995592,0.9969172234137704,0.9782192401584588,0.964483618125132,2750,phase_ensemble_v1/summaries/dynamic_recovery/amplitude_matched_3x3/checkpoint_2750/seed_2026074103/amplitude_matched_counterfactual.csv
amplitude_matched_frozen,2026074103,2750,100,1.0,28.5000000000015,0.1362031396285177,0.0341796875,0.1025006315956104,0.9657116628043042,0.5817533895807473,0.0952930423995593,-0.0134213011490749,-0.1255244193015539,-0.0822152280266759,2750,phase_ensemble_v1/summaries/dynamic_recovery/amplitude_matched_3x3/checkpoint_2750/seed_2026074103/amplitude_matched_counterfactual.csv
natural_reference,2026074103,2750,110,1.1,28.6000000000015,0.9111801621051328,0.6234970092773438,0.6661153357312579,0.9508116614867756,0.5736535289457318,0.1010979233334503,1.0,1.0,1.0,2750,phase_ensemble_v1/summaries/dynamic_recovery/amplitude_matched_3x3/checkpoint_2750/seed_2026074103/amplitude_matched_counterfactual.csv
nonlinear_recovery,2026074103,2750,110,1.1,28.6000000000015,0.9077224031463836,0.6324386596679688,0.646325434602967,0.9729280694725576,0.58215305117495,0.0966992941043357,0.9954716537999522,0.9828677513192708,0.9618632828432514,2750,phase_ensemble_v1/summaries/dynamic_recovery/amplitude_matched_3x3/checkpoint_2750/seed_2026074103/amplitude_matched_counterfactual.csv
amplitude_matched_frozen,2026074103,2750,110,1.1,28.6000000000015,0.1271759476258717,0.0304946899414062,0.0970576658595011,0.9655021928633372,0.5821530511749502,0.0966992941043357,-0.0267466725739864,-0.1361955298279467,-0.0966194960293773,2750,phase_ensemble_v1/summaries/dynamic_recovery/amplitude_matched_3x3/checkpoint_2750/seed_2026074103/amplitude_matched_counterfactual.csv
natural_reference,2026074103,2750,120,1.2,28.7000000000015,0.9099605653327996,0.6221084594726562,0.6633976382885257,0.9497096705058694,0.5735246286503134,0.1014784830594189,1.0,1.0,1.0,2750,phase_ensemble_v1/summaries/dynamic_recovery/amplitude_matched_3x3/checkpoint_2750/seed_2026074103/amplitude_matched_counterfactual.csv
nonlinear_recovery,2026074103,2750,120,1.2,28.7000000000015,0.906338848531963,0.6319961547851562,0.6421919630247394,0.972449154739004,0.5824162378517551,0.0980187337779958,0.9952569315246168,0.9810551243257466,0.959134973216376,2750,phase_ensemble_v1/summaries/dynamic_recovery/amplitude_matched_3x3/checkpoint_2750/seed_2026074103/amplitude_matched_counterfactual.csv
amplitude_matched_frozen,2026074103,2750,120,1.2,28.7000000000015,0.118444528921753,0.02886962890625,0.0898822478315334,0.9653739399038,0.5824162378517558,0.0980187337779958,-0.0365842959323656,-0.1366486865763276,-0.1052098789737323,2750,phase_ensemble_v1/summaries/dynamic_recovery/amplitude_matched_3x3/checkpoint_2750/seed_2026074103/amplitude_matched_counterfactual.csv
natural_reference,2026074103,2750,130,1.3,28.8000000000015,0.9063470809360448,0.6184539794921875,0.6550974923857746,0.948468977673229,0.5733580170263851,0.1018513285388379,1.0,1.0,1.0,2750,phase_ensemble_v1/summaries/dynamic_recovery/amplitude_matched_3x3/checkpoint_2750/seed_2026074103/amplitude_matched_counterfactual.csv
nonlinear_recovery,2026074103,2750,130,1.3,28.8000000000015,0.9037153854176624,0.6314163208007812,0.6341689711647696,0.970958663944218,0.5825526139200807,0.0992335312125004,0.996553482026214,0.9751640865967928,0.9596690711519784,2750,phase_ensemble_v1/summaries/dynamic_recovery/amplitude_matched_3x3/checkpoint_2750/seed_2026074103/amplitude_matched_counterfactual.csv
amplitude_matched_frozen,2026074103,2750,130,1.3,28.8000000000015,0.110261920595522,0.0300979614257812,0.0804308818422839,0.9656439008489014,0.5825526139200812,0.0992335312125004,-0.0425681066116028,-0.1272931924162026,-0.107428371857519,2750,phase_ensemble_v1/summaries/dynamic_recovery/amplitude_matched_3x3/checkpoint_2750/seed_2026074103/amplitude_matched_counterfactual.csv
natural_reference,2026074103,2750,140,1.4,28.900000000001494,0.9004883400240938,0.6111068725585938,0.6434912188962298,0.9470203405531786,0.5731548666910931,0.1022068763639361,1.0,1.0,1.0,2750,phase_ensemble_v1/summaries/dynamic_recovery/amplitude_matched_3x3/checkpoint_2750/seed_2026074103/amplitude_matched_counterfactual.csv
nonlinear_recovery,2026074103,2750,140,1.4,28.900000000001494,0.9010197563743816,0.6305389404296875,0.626298631438129,0.9684853880682766,0.5825731734437026,0.1003339193623257,0.9993040471475376,0.9627680568346272,0.9668685133477029,2750,phase_ensemble_v1/summaries/dynamic_recovery/amplitude_matched_3x3/checkpoint_2750/seed_2026074103/amplitude_matched_counterfactual.csv
amplitude_matched_frozen,2026074103,2750,140,1.4,28.900000000001494,0.1013968423099463,0.0325164794921875,0.0691082173334073,0.9662108522120236,0.5825731734437027,0.1003339193623257,-0.0465052626089774,-0.1085822040959523,-0.1068818347420106,2750,phase_ensemble_v1/summaries/dynamic_recovery/amplitude_matched_3x3/checkpoint_2750/seed_2026074103/amplitude_matched_counterfactual.csv
natural_reference,2026074103,2750,150,1.5,29.0000000000015,0.8926537259557046,0.598114013671875,0.6319356617151519,0.9452814380184744,0.5729177854651708,0.1025260164617634,1.0,1.0,1.0,2750,phase_ensemble_v1/summaries/dynamic_recovery/amplitude_matched_3x3/checkpoint_2750/seed_2026074103/amplitude_matched_counterfactual.csv
nonlinear_recovery,2026074103,2750,150,1.5,29.0000000000015,0.8987860491588557,0.6274261474609375,0.6222735833768932,0.9652938063339198,0.582489683058776,0.1013141022937344,0.9919689941358724,0.9438377991199988,0.9813804047658552,2750,phase_ensemble_v1/summaries/dynamic_recovery/amplitude_matched_3x3/checkpoint_2750/seed_2026074103/amplitude_matched_counterfactual.csv
amplitude_matched_frozen,2026074103,2750,150,1.5,29.0000000000015,0.0933655821265722,0.0323944091796875,0.0611561410943086,0.966780955620931,0.5824896830587756,0.1013141022937344,-0.0467627940616233,-0.0839217062082473,-0.0999376396915594,2750,phase_ensemble_v1/summaries/dynamic_recovery/amplitude_matched_3x3/checkpoint_2750/seed_2026074103/amplitude_matched_counterfactual.csv
natural_reference,2026074103,2750,160,1.6,29.1000000000015,0.8831215867233326,0.5850143432617188,0.616738042742227,0.9432201911305323,0.5726517149548133,0.1027817106097359,1.0,1.0,1.0,2750,phase_ensemble_v1/summaries/dynamic_recovery/amplitude_matched_3x3/checkpoint_2750/seed_2026074103/amplitude_matched_counterfactual.csv
nonlinear_recovery,2026074103,2750,160,1.6,29.1000000000015,0.8966330771899529,0.622772216796875,0.6201533627173588,0.9617746392013216,0.582314161982799,0.1021759500252733,0.9823050978273988,0.9276557178149074,0.9934184061331568,2750,phase_ensemble_v1/summaries/dynamic_recovery/amplitude_matched_3x3/checkpoint_2750/seed_2026074103/amplitude_matched_counterfactual.csv
amplitude_matched_frozen,2026074103,2750,160,1.6,29.1000000000015,0.0885907422663952,0.0342483520507812,0.054507771532782,0.9671954863788852,0.582314161982799,0.1021759500252733,-0.0405325452815401,-0.0552705053428641,-0.0834625545159744,2750,phase_ensemble_v1/summaries/dynamic_recovery/amplitude_matched_3x3/checkpoint_2750/seed_2026074103/amplitude_matched_counterfactual.csv
natural_reference,2026074103,2750,170,1.7,29.2000000000015,0.8722387321278736,0.5709991455078125,0.6001357281096528,0.9408914635613744,0.5723645168665438,0.1029435680712781,1.0,1.0,1.0,2750,phase_ensemble_v1/summaries/dynamic_recovery/amplitude_matched_3x3/checkpoint_2750/seed_2026074103/amplitude_matched_counterfactual.csv
nonlinear_recovery,2026074103,2750,170,1.7,29.2000000000015,0.8942464850645584,0.6163177490234375,0.6191879965244448,0.9582901851138992,0.5820578268401393,0.1029338763687296,0.971178232615012,0.9131693198263386,0.963284759887422,2750,phase_ensemble_v1/summaries/dynamic_recovery/amplitude_matched_3x3/checkpoint_2750/seed_2026074103/amplitude_matched_counterfactual.csv
amplitude_matched_frozen,2026074103,2750,170,1.7,29.2000000000015,0.0877464686413095,0.0363235473632812,0.0515873437104026,0.967386138686864,0.5820578268401394,0.1029338763687296,-0.0273858307379948,-0.0244412284933268,-0.057096467890856,2750,phase_ensemble_v1/summaries/dynamic_recovery/amplitude_matched_3x3/checkpoint_2750/seed_2026074103/amplitude_matched_counterfactual.csv
natural_reference,2026074103,2750,180,1.8,29.3000000000015,0.8609622961390705,0.5593795776367188,0.5817620903992705,0.9384102694195616,0.572066992943606,0.1029843195265325,1.0,1.0,1.0,2750,phase_ensemble_v1/summaries/dynamic_recovery/amplitude_matched_3x3/checkpoint_2750/seed_2026074103/amplitude_matched_counterfactual.csv
nonlinear_recovery,2026074103,2750,180,1.8,29.3000000000015,0.8918386501325601,0.6103439331054688,0.6177577471779577,0.9550553666685124,0.5817299153615482,0.1036119972411612,0.9595637457828096,0.902352029703694,0.9306334997562088,2750,phase_ensemble_v1/summaries/dynamic_recovery/amplitude_matched_3x3/checkpoint_2750/seed_2026074103/amplitude_matched_counterfactual.csv
amplitude_matched_frozen,2026074103,2750,180,1.8,29.3000000000015,0.0906351424576504,0.0379791259765625,0.052837897389577,0.9672036209487924,0.5817299153615485,0.1036119972411613,-0.0088349363799371,0.0009940212545133,-0.0192790866112932,2750,phase_ensemble_v1/summaries/dynamic_recovery/amplitude_matched_3x3/checkpoint_2750/seed_2026074103/amplitude_matched_counterfactual.csv
natural_reference,2026074103,2750,190,1.9,29.400000000001494,0.8501600310998892,0.55108642578125,0.562709619015652,0.9358994489075269,0.5717722403314012,0.1028863042809083,1.0,1.0,1.0,2750,phase_ensemble_v1/summaries/dynamic_recovery/amplitude_matched_3x3/checkpoint_2750/seed_2026074103/amplitude_matched_counterfactual.csv
nonlinear_recovery,2026074103,2750,190,1.9,29.400000000001494,0.8896329398157461,0.6066513061523438,0.6147724963819113,0.9521898224597078,0.5813370922876765,0.1042360331814404,0.9483055359495204,0.8935374000497011,0.899670684779465,2750,phase_ensemble_v1/summaries/dynamic_recovery/amplitude_matched_3x3/checkpoint_2750/seed_2026074103/amplitude_matched_counterfactual.csv
amplitude_matched_frozen,2026074103,2750,190,1.9,29.400000000001494,0.0962203830714851,0.0388717651367187,0.0575639217460657,0.9666564273035406,0.5813370922876763,0.1042360331814404,0.0126264494012571,0.0185940446432486,0.0265439703395593,2750,phase_ensemble_v1/summaries/dynamic_recovery/amplitude_matched_3x3/checkpoint_2750/seed_2026074103/amplitude_matched_counterfactual.csv
natural_reference,2026074103,2750,200,2.0,29.5000000000015,0.8404755203586789,0.5460739135742188,0.5441419537555575,0.9334899937887692,0.571494440850357,0.1026459607771265,1.0,1.0,1.0,2750,phase_ensemble_v1/summaries/dynamic_recovery/amplitude_matched_3x3/checkpoint_2750/seed_2026074103/amplitude_matched_counterfactual.csv
nonlinear_recovery,2026074103,2750,200,2.0,29.5000000000015,0.8876640758998215,0.6014480590820312,0.6140443920579877,0.9498286801960208,0.580883813875821,0.1048227374277224,0.938200979675062,0.8939028490403309,0.8652924286571677,2750,phase_ensemble_v1/summaries/dynamic_recovery/amplitude_matched_3x3/checkpoint_2750/seed_2026074103/amplitude_matched_counterfactual.csv
amplitude_matched_frozen,2026074103,2750,200,2.0,29.5000000000015,0.1028013804230952,0.0403289794921875,0.062732481944613,0.965985029944865,0.5808838138758213,0.1048227374277224,0.0339280648818846,0.0309900744054144,0.0722855690881739,2750,phase_ensemble_v1/summaries/dynamic_recovery/amplitude_matched_3x3/checkpoint_2750/seed_2026074103/amplitude_matched_counterfactual.csv
natural_reference,2026074103,2750,210,2.1,29.6000000000015,0.8324900945854098,0.5439987182617188,0.5272846402901271,0.931379007457982,0.5712473824002648,0.102274450132025,1.0,1.0,1.0,2750,phase_ensemble_v1/summaries/dynamic_recovery/amplitude_matched_3x3/checkpoint_2750/seed_2026074103/amplitude_matched_counterfactual.csv
nonlinear_recovery,2026074103,2750,210,2.1,29.6000000000015,0.8857913616962241,0.5933151245117188,0.6164576679791616,0.9481226272096372,0.5803735829341439,0.1053745489279235,0.9301956575751884,0.9055095089827362,0.8281564666270108,2750,phase_ensemble_v1/summaries/dynamic_recovery/amplitude_matched_3x3/checkpoint_2750/seed_2026074103/amplitude_matched_counterfactual.csv
amplitude_matched_frozen,2026074103,2750,210,2.1,29.6000000000015,0.1112762501368706,0.044677734375,0.0669312693023175,0.9654885407528196,0.5803735829341442,0.1053745489279235,0.0554847775994725,0.0432983964098291,0.1128623540003491,2750,phase_ensemble_v1/summaries/dynamic_recovery/amplitude_matched_3x3/checkpoint_2750/seed_2026074103/amplitude_matched_counterfactual.csv
natural_reference,2026074103,2750,220,2.2,29.7000000000015,0.8264156420522959,0.54254150390625,0.5146048159663666,0.9298693317361756,0.5710431398069508,0.1017939676518329,1.0,1.0,1.0,2750,phase_ensemble_v1/summaries/dynamic_recovery/amplitude_matched_3x3/checkpoint_2750/seed_2026074103/amplitude_matched_counterfactual.csv
nonlinear_recovery,2026074103,2750,220,2.2,29.7000000000015,0.8836841253080547,0.5855789184570312,0.6177921091521156,0.947213058962844,0.5798101488370331,0.105885785158435,0.9250001166571984,0.917540089754272,0.8011498597752091,2750,phase_ensemble_v1/summaries/dynamic_recovery/amplitude_matched_3x3/checkpoint_2750/seed_2026074103/amplitude_matched_counterfactual.csv
amplitude_matched_frozen,2026074103,2750,220,2.2,29.7000000000015,0.1246470473891661,0.0497207641601562,0.0753935381836688,0.9652852263689884,0.5798101488370333,0.105885785158435,0.0809506426366906,0.0557528980104956,0.153604853088044,2750,phase_ensemble_v1/summaries/dynamic_recovery/amplitude_matched_3x3/checkpoint_2750/seed_2026074103/amplitude_matched_counterfactual.csv
natural_reference,2026074103,2750,230,2.3000000000000003,29.8000000000015,0.822214633619561,0.5410690307617188,0.506454473308977,0.9293264676498686,0.5708912635913463,0.1012318209056261,1.0,1.0,1.0,2750,phase_ensemble_v1/summaries/dynamic_recovery/amplitude_matched_3x3/checkpoint_2750/seed_2026074103/amplitude_matched_counterfactual.csv
nonlinear_recovery,2026074103,2750,230,2.3000000000000003,29.8000000000015,0.8814521183697697,0.5790863037109375,0.6176237204911468,0.9472124544088242,0.5791978285177877,0.1063519691456561,0.9224214752476464,0.9271587071876508,0.7857679980899824,2750,phase_ensemble_v1/summaries/dynamic_recovery/amplitude_matched_3x3/checkpoint_2750/seed_2026074103/amplitude_matched_counterfactual.csv
amplitude_matched_frozen,2026074103,2750,230,2.3000000000000003,29.8000000000015,0.1424756819223763,0.0584259033203125,0.0847553046775163,0.9649893755239576,0.5791978285177878,0.106351969145656,0.1098010776159216,0.0752532561505064,0.1873520835157949,2750,phase_ensemble_v1/summaries/dynamic_recovery/amplitude_matched_3x3/checkpoint_2750/seed_2026074103/amplitude_matched_counterfactual.csv
natural_reference,2026074103,2750,240,2.4,29.900000000001494,0.819791679594807,0.5420608520507812,0.4998547859251901,0.9300311385210542,0.5707985247329816,0.1006157611598471,1.0,1.0,1.0,2750,phase_ensemble_v1/summaries/dynamic_recovery/amplitude_matched_3x3/checkpoint_2750/seed_2026074103/amplitude_matched_counterfactual.csv
nonlinear_recovery,2026074103,2750,240,2.4,29.900000000001494,0.8793433504534146,0.5774002075195312,0.6133727493316726,0.9482024495306328,0.578541152330855,0.1067733135306501,0.9220100112077728,0.9322896110160944,0.7812418346823224,2750,phase_ensemble_v1/summaries/dynamic_recovery/amplitude_matched_3x3/checkpoint_2750/seed_2026074103/amplitude_matched_counterfactual.csv
amplitude_matched_frozen,2026074103,2750,240,2.4,29.900000000001494,0.1611287654012426,0.0663528442382812,0.0958001543223064,0.9644810044485692,0.5785411523308549,0.1067733135306501,0.1374026529368652,0.0885409814498092,0.2213545130205415,2750,phase_ensemble_v1/summaries/dynamic_recovery/amplitude_matched_3x3/checkpoint_2750/seed_2026074103/amplitude_matched_counterfactual.csv
natural_reference,2026074103,2750,250,2.5,30.0000000000015,0.8189311587268925,0.5420074462890625,0.4979449266481415,0.931979454484243,0.5707689762083916,0.0999723553891679,1.0,1.0,1.0,2750,phase_ensemble_v1/summaries/dynamic_recovery/amplitude_matched_3x3/checkpoint_2750/seed_2026074103/amplitude_matched_counterfactual.csv
nonlinear_recovery,2026074103,2750,250,2.5,30.0000000000015,0.8775488397218147,0.5769195556640625,0.608900373367324,0.9502427589500498,0.5778444454392831,0.1071534152270888,0.923233181908958,0.9331082167551054,0.7861800086266733,2750,phase_ensemble_v1/summaries/dynamic_recovery/amplitude_matched_3x3/checkpoint_2750/seed_2026074103/amplitude_matched_counterfactual.csv
amplitude_matched_frozen,2026074103,2750,250,2.5,30.0000000000015,0.1761137306879841,0.0715713500976562,0.1058769272277297,0.9640809721264576,0.5778444454392826,0.1071534152270888,0.1581541997833532,0.0986419915508193,0.2444537088296307,2750,phase_ensemble_v1/summaries/dynamic_recovery/amplitude_matched_3x3/checkpoint_2750/seed_2026074103/amplitude_matched_counterfactual.csv
natural_reference,2026074103,2750,260,2.6,30.1000000000015,0.8195343803342585,0.5423507690429688,0.4989580341142531,0.9348199262978156,0.5708040616492265,0.0993273238317813,1.0,1.0,1.0,2750,phase_ensemble_v1/summaries/dynamic_recovery/amplitude_matched_3x3/checkpoint_2750/seed_2026074103/amplitude_matched_counterfactual.csv
nonlinear_recovery,2026074103,2750,260,2.6,30.1000000000015,0.8763814483018794,0.5766143798828125,0.6059991115279639,0.953202071561947,0.577111556080693,0.107498096932421,0.9255520100486834,0.934350743323247,0.7937233103380915,2750,phase_ensemble_v1/summaries/dynamic_recovery/amplitude_matched_3x3/checkpoint_2750/seed_2026074103/amplitude_matched_counterfactual.csv
amplitude_matched_frozen,2026074103,2750,260,2.6,30.1000000000015,0.1854863457102556,0.0739822387695312,0.1130555335590248,0.9639597077617088,0.5771115560806926,0.107498096932421,0.1696387624208474,0.1026034586092473,0.2563351166662582,2750,phase_ensemble_v1/summaries/dynamic_recovery/amplitude_matched_3x3/checkpoint_2750/seed_2026074103/amplitude_matched_counterfactual.csv
natural_reference,2026074103,2750,270,2.7,30.2000000000015,0.8213234581589562,0.5425567626953125,0.5028391688276197,0.9380360664774462,0.5709026829801468,0.0987057117105134,1.0,1.0,1.0,2750,phase_ensemble_v1/summaries/dynamic_recovery/amplitude_matched_3x3/checkpoint_2750/seed_2026074103/amplitude_matched_counterfactual.csv
nonlinear_recovery,2026074103,2750,270,2.7,30.2000000000015,0.8753790516810711,0.5759963989257812,0.603856031007464,0.9565800000511075,0.5763456809710017,0.107814389621228,0.9292077775121304,0.935929482962768,0.8053324533538144,2750,phase_ensemble_v1/summaries/dynamic_recovery/amplitude_matched_3x3/checkpoint_2750/seed_2026074103/amplitude_matched_counterfactual.csv
amplitude_matched_frozen,2026074103,2750,270,2.7,30.2000000000015,0.1907528878835124,0.0760040283203125,0.1164369612172106,0.9637994522276172,0.5763456809710016,0.107814389621228,0.1741929151702036,0.1060825330000438,0.2553721413334801,2750,phase_ensemble_v1/summaries/dynamic_recovery/amplitude_matched_3x3/checkpoint_2750/seed_2026074103/amplitude_matched_counterfactual.csv
natural_reference,2026074103,2750,280,2.8000000000000003,30.3000000000015,0.8244037318284217,0.5409622192382812,0.5116007499758095,0.9411774157568696,0.5710613148260705,0.0981306885876542,1.0,1.0,1.0,2750,phase_ensemble_v1/summaries/dynamic_recovery/amplitude_matched_3x3/checkpoint_2750/seed_2026074103/amplitude_matched_counterfactual.csv
nonlinear_recovery,2026074103,2750,280,2.8000000000000003,30.3000000000015,0.8739679397307345,0.5753173828125,0.6006756468473529,0.9596310985889672,0.5755492362911496,0.1081114822694294,0.9350897806381484,0.9341753278077446,0.8283455725354617,2750,phase_ensemble_v1/summaries/dynamic_recovery/amplitude_matched_3x3/checkpoint_2750/seed_2026074103/amplitude_matched_counterfactual.csv
amplitude_matched_frozen,2026074103,2750,280,2.8000000000000003,30.3000000000015,0.1935432653349972,0.0761489868164062,0.1191503308164258,0.9634948412457126,0.57554923629115,0.1081114822694294,0.1738132616279057,0.1094154277945884,0.2437167555055195,2750,phase_ensemble_v1/summaries/dynamic_recovery/amplitude_matched_3x3/checkpoint_2750/seed_2026074103/amplitude_matched_counterfactual.csv
natural_reference,2026074103,2750,290,2.9,30.400000000001494,0.8285444747103032,0.5407485961914062,0.5214017075473201,0.943932484593374,0.5712743146938926,0.0976208935569691,1.0,1.0,1.0,2750,phase_ensemble_v1/summaries/dynamic_recovery/amplitude_matched_3x3/checkpoint_2750/seed_2026074103/amplitude_matched_counterfactual.csv
nonlinear_recovery,2026074103,2750,290,2.9,30.400000000001494,0.8715579670429453,0.5755157470703125,0.5939796323660376,0.961726484956708,0.5747233983398241,0.1084058833899761,0.9436687210187246,0.933385957987984,0.8601365528462228,2750,phase_ensemble_v1/summaries/dynamic_recovery/amplitude_matched_3x3/checkpoint_2750/seed_2026074103/amplitude_matched_counterfactual.csv
amplitude_matched_frozen,2026074103,2750,290,2.9,30.400000000001494,0.1933241867061106,0.0768890380859375,0.1181920150997284,0.96326743302784,0.5747233983398242,0.1084058833899761,0.1681035573348352,0.1112426727477379,0.2229827781326884,2750,phase_ensemble_v1/summaries/dynamic_recovery/amplitude_matched_3x3/checkpoint_2750/seed_2026074103/amplitude_matched_counterfactual.csv
natural_reference,2026074103,2750,300,3.0,30.5000000000015,0.8335489471693669,0.5385208129882812,0.5353280313668671,0.9461102970357675,0.5715345403928838,0.0971871685820209,1.0,1.0,1.0,2750,phase_ensemble_v1/summaries/dynamic_recovery/amplitude_matched_3x3/checkpoint_2750/seed_2026074103/amplitude_matched_counterfactual.csv
nonlinear_recovery,2026074103,2750,300,3.0,30.5000000000015,0.8679885988337427,0.5736923217773438,0.586198980037614,0.9626435242671284,0.5738672047997863,0.1087234706603296,0.9548971840993332,0.9326112061278486,0.9019676263981774,2750,phase_ensemble_v1/summaries/dynamic_recovery/amplitude_matched_3x3/checkpoint_2750/seed_2026074103/amplitude_matched_counterfactual.csv
amplitude_matched_frozen,2026074103,2750,300,3.0,30.5000000000015,0.1891636191384463,0.0796432495117187,0.1111955986287203,0.9630606960081634,0.5738672047997864,0.1087234706603297,0.1561008484492707,0.1207882003829905,0.182662989598509,2750,phase_ensemble_v1/summaries/dynamic_recovery/amplitude_matched_3x3/checkpoint_2750/seed_2026074103/amplitude_matched_counterfactual.csv
